K,Lambda,PopSize,ArchiveSize,MaxGen,MutRate,CrossRate,FunctionEvals,Runtime_ms,ND_Count,Best_f1,Best_f2,Mean_f1,Mean_f2,Final_HV
3,0.40,50,25,599,0.05,0.70,30000,12381,14,1.372605,0.447303,1.711178,0.484169,0.696060
3,0.40,50,25,599,0.05,0.70,30000,12540,6,1.377180,0.447227,1.424835,0.467863,0.905779
3,0.40,50,25,599,0.05,0.70,30000,12430,10,1.381958,0.447939,1.435272,0.499318,0.827917
3,0.40,50,25,599,0.10,0.70,30000,12686,19,1.374867,0.446384,1.422361,0.468772,0.966203
3,0.40,50,25,599,0.10,0.70,30000,12592,12,1.370869,0.441468,1.501709,0.460821,0.981483
3,0.40,50,25,599,0.10,0.70,30000,12682,17,1.374173,0.442170,1.445149,0.463350,0.956524
3,0.40,50,25,599,0.20,0.70,30000,13185,16,1.361433,0.441823,1.467557,0.463654,1.014129
3,0.40,50,25,599,0.20,0.70,30000,13290,16,1.366004,0.443999,1.438606,0.462456,1.023261
3,0.40,50,25,599,0.20,0.70,30000,13313,18,1.361769,0.446293,1.449229,0.467872,0.964461
3,0.40,50,25,599,0.30,0.70,30000,13432,25,1.364872,0.440950,1.568532,0.463848,0.945414
3,0.40,50,25,599,0.30,0.70,30000,13720,12,1.374413,0.443123,1.440034,0.456620,1.017492
3,0.40,50,25,599,0.30,0.70,30000,13615,25,1.363723,0.442283,1.427818,0.476002,0.978792
3,0.40,50,25,599,0.40,0.70,30000,13506,25,1.365645,0.441468,1.447056,0.464143,1.033699
3,0.40,50,25,599,0.40,0.70,30000,13468,25,1.370739,0.441827,1.424156,0.460041,1.042077
3,0.40,50,25,599,0.40,0.70,30000,13403,23,1.366054,0.442101,1.449096,0.463221,1.032844
3,0.40,50,25,599,0.05,0.90,30000,12634,12,1.377966,0.450546,1.451907,0.472937,0.820441
3,0.40,50,25,599,0.05,0.90,30000,12601,11,1.384483,0.449087,1.485310,0.481072,0.782948
3,0.40,50,25,599,0.05,0.90,30000,12829,15,1.369107,0.452596,1.449837,0.492309,0.803384
3,0.40,50,25,599,0.10,0.90,30000,13147,9,1.367227,0.445343,1.409328,0.474557,0.956849
3,0.40,50,25,599,0.10,0.90,30000,13232,14,1.364141,0.446704,1.418627,0.470760,0.983333
3,0.40,50,25,599,0.10,0.90,30000,13635,21,1.363302,0.446167,1.433702,0.474330,0.957327
3,0.40,50,25,599,0.20,0.90,30000,13589,20,1.367575,0.442382,1.453338,0.465897,0.977327
3,0.40,50,25,599,0.20,0.90,30000,13376,22,1.373733,0.440499,1.475025,0.458174,0.999939
3,0.40,50,25,599,0.20,0.90,30000,13658,17,1.362395,0.444980,1.419342,0.468692,0.988273
3,0.40,50,25,599,0.30,0.90,30000,13795,20,1.368050,0.445477,1.415710,0.465783,1.023985
3,0.40,50,25,599,0.30,0.90,30000,13629,21,1.361994,0.446541,1.393617,0.474590,1.018981
3,0.40,50,25,599,0.30,0.90,30000,13800,16,1.372270,0.441269,1.603529,0.453275,0.951258
3,0.40,50,25,599,0.40,0.90,30000,13779,25,1.364141,0.442560,1.400988,0.471549,1.028208
3,0.40,50,25,599,0.40,0.90,30000,13909,20,1.367671,0.443414,1.413495,0.466357,1.029280
3,0.40,50,25,599,0.40,0.90,30000,14371,17,1.366223,0.441796,1.413309,0.467665,1.018921
3,0.40,100,50,299,0.05,0.70,30000,12986,13,1.373084,0.445386,1.670598,0.468280,0.739452
3,0.40,100,50,299,0.05,0.70,30000,13004,16,1.390575,0.445670,1.586847,0.480396,0.594319
3,0.40,100,50,299,0.05,0.70,30000,12902,16,1.385087,0.441976,1.493907,0.465107,0.924529
3,0.40,100,50,299,0.10,0.70,30000,13046,17,1.368682,0.441830,1.455991,0.471342,0.896248
3,0.40,100,50,299,0.10,0.70,30000,13120,9,1.375987,0.452639,1.400444,0.478754,0.908351
3,0.40,100,50,299,0.10,0.70,30000,13060,19,1.363415,0.443935,1.492871,0.474931,0.876804
3,0.40,100,50,299,0.20,0.70,30000,13451,32,1.366284,0.442560,1.418710,0.468950,1.006068
3,0.40,100,50,299,0.20,0.70,30000,14561,26,1.361126,0.445369,1.431136,0.477918,0.941171
3,0.40,100,50,299,0.20,0.70,30000,14388,25,1.362079,0.446580,1.425297,0.478236,0.915641
3,0.40,100,50,299,0.30,0.70,30000,13821,28,1.364051,0.443754,1.506397,0.469166,0.952888
3,0.40,100,50,299,0.30,0.70,30000,13867,21,1.361543,0.443414,1.402017,0.472400,1.043506
3,0.40,100,50,299,0.30,0.70,30000,13471,17,1.366206,0.442068,1.438101,0.462480,1.008444
3,0.40,100,50,299,0.40,0.70,30000,14049,32,1.364757,0.440610,1.606386,0.456696,0.957180
3,0.40,100,50,299,0.40,0.70,30000,15065,24,1.367878,0.441951,1.476978,0.457682,0.991049
3,0.40,100,50,299,0.40,0.70,30000,14795,26,1.365432,0.442981,1.424486,0.463931,1.018518
3,0.40,100,50,299,0.05,0.90,30000,14099,11,1.372996,0.474213,1.433475,0.488362,0.637510
3,0.40,100,50,299,0.05,0.90,30000,13068,7,1.382088,0.448674,1.410125,0.490359,0.919244
3,0.40,100,50,299,0.05,0.90,30000,13881,12,1.369873,0.446018,1.532424,0.473991,0.837036
3,0.40,100,50,299,0.10,0.90,30000,13966,19,1.375863,0.447445,1.424174,0.468195,0.937714
3,0.40,100,50,299,0.10,0.90,30000,14134,17,1.364902,0.447791,1.416672,0.477749,0.946237
3,0.40,100,50,299,0.10,0.90,30000,14001,16,1.364982,0.447505,1.442619,0.470291,0.964982
3,0.40,100,50,299,0.20,0.90,30000,14492,20,1.361543,0.443641,1.455422,0.466317,1.020268
3,0.40,100,50,299,0.20,0.90,30000,15087,24,1.364051,0.445343,1.407056,0.474257,0.988416
3,0.40,100,50,299,0.20,0.90,30000,15026,18,1.362624,0.441807,1.417826,0.476980,0.973737
3,0.40,100,50,299,0.30,0.90,30000,14020,26,1.368069,0.441036,1.484017,0.460876,1.024764
3,0.40,100,50,299,0.30,0.90,30000,14024,30,1.362347,0.446101,1.400458,0.471639,1.024323
3,0.40,100,50,299,0.30,0.90,30000,14353,33,1.363615,0.441364,1.552030,0.468445,0.925795
3,0.40,100,50,299,0.40,0.90,30000,13765,19,1.366240,0.442806,1.417412,0.467473,1.036936
3,0.40,100,50,299,0.40,0.90,30000,15065,37,1.364141,0.442528,1.420766,0.467879,1.035449
3,0.40,100,50,299,0.40,0.90,30000,15483,21,1.361433,0.451378,1.393328,0.474146,0.970923
3,0.40,200,100,149,0.05,0.70,30000,13559,20,1.366501,0.446101,1.542167,0.470058,0.826520
3,0.40,200,100,149,0.05,0.70,30000,13058,11,1.371742,0.447031,1.600809,0.476414,0.919167
3,0.40,200,100,149,0.05,0.70,30000,13033,16,1.377379,0.440658,1.618634,0.474105,0.883419
3,0.40,200,100,149,0.10,0.70,30000,13242,17,1.361543,0.446396,1.667141,0.463681,0.768892
3,0.40,200,100,149,0.10,0.70,30000,13307,15,1.363843,0.446178,1.558286,0.481199,0.723974
3,0.40,200,100,149,0.10,0.70,30000,14372,13,1.367347,0.445477,1.407601,0.481133,0.980018
3,0.40,200,100,149,0.20,0.70,30000,14316,25,1.362504,0.441976,1.478970,0.466434,0.947717
3,0.40,200,100,149,0.20,0.70,30000,14557,23,1.365352,0.441796,1.413467,0.468170,1.046950
3,0.40,200,100,149,0.20,0.70,30000,14288,11,1.366054,0.445452,1.422351,0.470001,0.985835
3,0.40,200,100,149,0.30,0.70,30000,14035,34,1.364757,0.440950,1.434210,0.462203,1.056762
3,0.40,200,100,149,0.30,0.70,30000,14402,27,1.364428,0.445646,1.411861,0.465031,1.025015
3,0.40,200,100,149,0.30,0.70,30000,14572,19,1.369249,0.440518,1.495604,0.462347,0.982884
3,0.40,200,100,149,0.40,0.70,30000,14683,30,1.362347,0.442799,1.412003,0.464879,1.040761
3,0.40,200,100,149,0.40,0.70,30000,18340,32,1.361433,0.441796,1.407122,0.465890,1.057442
3,0.40,200,100,149,0.40,0.70,30000,21315,28,1.362395,0.443991,1.436392,0.467372,1.016853
3,0.40,200,100,149,0.05,0.90,30000,19637,13,1.371043,0.449959,1.521831,0.477160,0.847243
3,0.40,200,100,149,0.05,0.90,30000,17455,23,1.367669,0.442234,1.508943,0.481167,0.818852
3,0.40,200,100,149,0.05,0.90,30000,16075,7,1.376373,0.470314,1.400493,0.501540,0.653825
3,0.40,200,100,149,0.10,0.90,30000,15215,18,1.364051,0.443616,1.520767,0.466235,0.942903
3,0.40,200,100,149,0.10,0.90,30000,14900,19,1.359982,0.443448,1.426743,0.471014,0.976920
3,0.40,200,100,149,0.10,0.90,30000,14844,21,1.363672,0.440499,1.636627,0.469471,0.848919
3,0.40,200,100,149,0.20,0.90,30000,15401,16,1.366126,0.441018,1.460095,0.464529,0.988292
3,0.40,200,100,149,0.20,0.90,30000,15437,15,1.367187,0.441186,1.476123,0.471288,0.964803
3,0.40,200,100,149,0.20,0.90,30000,15475,24,1.364702,0.441351,1.463144,0.462132,1.000314
3,0.40,200,100,149,0.30,0.90,30000,15788,17,1.364757,0.444109,1.558253,0.457804,1.009215
3,0.40,200,100,149,0.30,0.90,30000,15995,28,1.363023,0.443641,1.430958,0.468834,1.028748
3,0.40,200,100,149,0.30,0.90,30000,15938,25,1.367158,0.442170,1.442869,0.461205,1.024712
3,0.40,200,100,149,0.40,0.90,30000,16218,28,1.361543,0.442408,1.420258,0.466037,1.042011
3,0.40,200,100,149,0.40,0.90,30000,16105,32,1.362014,0.442259,1.434004,0.475718,1.019658
3,0.40,200,100,149,0.40,0.90,30000,16121,29,1.364965,0.441250,1.454338,0.465983,1.041205
3,0.50,50,25,599,0.05,0.70,30000,13840,10,1.377883,0.458215,1.397508,0.497779,0.860736
3,0.50,50,25,599,0.05,0.70,30000,13631,10,1.387129,0.448118,1.434921,0.476242,0.998673
3,0.50,50,25,599,0.05,0.70,30000,13720,5,1.373417,0.454047,1.408815,0.464274,0.947180
3,0.50,50,25,599,0.10,0.70,30000,14070,12,1.365011,0.453352,1.430444,0.473830,0.919349
3,0.50,50,25,599,0.10,0.70,30000,14271,21,1.376267,0.444040,1.440467,0.472577,1.028127
3,0.50,50,25,599,0.10,0.70,30000,14085,16,1.370999,0.440661,1.586962,0.460007,0.986895
3,0.50,50,25,599,0.20,0.70,30000,14448,10,1.361050,0.447293,1.541130,0.474789,0.986703
3,0.50,50,25,599,0.20,0.70,30000,14653,24,1.369956,0.446305,1.406761,0.465099,1.058425
3,0.50,50,25,599,0.20,0.70,30000,14555,20,1.361605,0.449725,1.462521,0.468725,0.982143
3,0.50,50,25,599,0.30,0.70,30000,14957,11,1.368113,0.441610,1.425074,0.462019,1.114844
3,0.50,50,25,599,0.30,0.70,30000,15040,16,1.363661,0.452998,1.406665,0.471508,0.964266
3,0.50,50,25,599,0.30,0.70,30000,14258,25,1.367058,0.441869,1.438656,0.461889,1.105303
3,0.50,50,25,599,0.40,0.70,30000,14133,25,1.365330,0.449851,1.392838,0.469727,1.018081
3,0.50,50,25,599,0.40,0.70,30000,14665,13,1.361483,0.443209,1.408407,0.467937,1.103541
3,0.50,50,25,599,0.40,0.70,30000,14777,25,1.366344,0.445103,1.404107,0.464435,1.080721
3,0.50,50,25,599,0.05,0.90,30000,13258,10,1.378953,0.452018,1.496934,0.468999,0.911647
3,0.50,50,25,599,0.05,0.90,30000,13432,14,1.367877,0.449940,1.496594,0.513675,0.798829
3,0.50,50,25,599,0.05,0.90,30000,13126,14,1.377689,0.460329,1.846168,0.495958,0.407803
3,0.50,50,25,599,0.10,0.90,30000,13420,12,1.385514,0.447583,1.480245,0.459992,0.991700
3,0.50,50,25,599,0.10,0.90,30000,13641,11,1.367513,0.445945,1.415871,0.468521,1.058368
3,0.50,50,25,599,0.10,0.90,30000,13815,10,1.378226,0.450950,1.462364,0.462374,0.962181
3,0.50,50,25,599,0.20,0.90,30000,14252,24,1.369634,0.448482,1.403998,0.466364,1.031221
3,0.50,50,25,599,0.20,0.90,30000,14151,16,1.367544,0.442818,1.470189,0.460901,1.085046
3,0.50,50,25,599,0.20,0.90,30000,14057,19,1.377269,0.446358,1.449249,0.457192,1.043147
3,0.50,50,25,599,0.30,0.90,30000,14607,15,1.365702,0.443209,1.407610,0.469592,1.087368
3,0.50,50,25,599,0.30,0.90,30000,14519,19,1.367191,0.442228,1.440901,0.464470,1.101476
3,0.50,50,25,599,0.30,0.90,30000,14464,14,1.364626,0.441601,1.622678,0.460681,1.003836
3,0.50,50,25,599,0.40,0.90,30000,14908,22,1.365384,0.445305,1.430164,0.461268,1.068965
3,0.50,50,25,599,0.40,0.90,30000,15003,25,1.363412,0.442169,1.424562,0.464364,1.106221
3,0.50,50,25,599,0.40,0.90,30000,14941,20,1.365061,0.446305,1.404402,0.473590,1.060260
3,0.50,100,50,299,0.05,0.70,30000,13332,12,1.368635,0.463758,1.410737,0.486604,0.784966
3,0.50,100,50,299,0.05,0.70,30000,13257,6,1.380762,0.446137,1.586869,0.460091,1.013008
3,0.50,100,50,299,0.05,0.70,30000,13502,12,1.372858,0.448597,1.527607,0.478821,0.937036
3,0.50,100,50,299,0.10,0.70,30000,13844,19,1.370449,0.446146,1.440894,0.473099,1.012771
3,0.50,100,50,299,0.10,0.70,30000,13546,12,1.363884,0.447762,1.398996,0.484970,1.024418
3,0.50,100,50,299,0.10,0.70,30000,13486,22,1.367735,0.443444,1.450195,0.472439,1.057784
3,0.50,100,50,299,0.20,0.70,30000,14041,20,1.364850,0.447096,1.461681,0.462980,1.027473
3,0.50,100,50,299,0.20,0.70,30000,14109,19,1.370566,0.442220,1.520362,0.462308,1.081270
3,0.50,100,50,299,0.20,0.70,30000,13988,21,1.373205,0.442146,1.447858,0.458965,1.094540
3,0.50,100,50,299,0.30,0.70,30000,14560,28,1.361605,0.442162,1.416741,0.465344,1.104772
3,0.50,100,50,299,0.30,0.70,30000,14578,16,1.368402,0.444340,1.404239,0.470751,1.083171
3,0.50,100,50,299,0.30,0.70,30000,14519,21,1.364855,0.441960,1.464075,0.461750,1.092329
3,0.50,100,50,299,0.40,0.70,30000,14917,20,1.364136,0.443605,1.440792,0.464070,1.074703
3,0.50,100,50,299,0.40,0.70,30000,14808,27,1.361641,0.444889,1.409909,0.466246,1.075821
3,0.50,100,50,299,0.40,0.70,30000,15007,21,1.363701,0.441276,1.420442,0.468952,1.110313
3,0.50,100,50,299,0.05,0.90,30000,13576,20,1.368533,0.446768,1.558051,0.481062,0.825955
3,0.50,100,50,299,0.05,0.90,30000,13616,19,1.384482,0.451299,1.476491,0.465613,0.932033
3,0.50,100,50,299,0.05,0.90,30000,13478,15,1.375153,0.442146,1.443346,0.477732,1.041047
3,0.50,100,50,299,0.10,0.90,30000,13834,13,1.368520,0.441956,1.430249,0.479451,1.048379
3,0.50,100,50,299,0.10,0.90,30000,13760,16,1.359651,0.443726,1.425373,0.475066,1.047640
3,0.50,100,50,299,0.10,0.90,30000,13709,12,1.370040,0.440474,1.566218,0.465803,1.000282
3,0.50,100,50,299,0.20,0.90,30000,14194,21,1.364136,0.443605,1.428092,0.464958,1.071680
3,0.50,100,50,299,0.20,0.90,30000,14316,20,1.368076,0.443209,1.402698,0.468233,1.098030
3,0.50,100,50,299,0.20,0.90,30000,14222,21,1.361605,0.442623,1.413741,0.468800,1.102929
3,0.50,100,50,299,0.30,0.90,30000,14819,21,1.363278,0.441331,1.432500,0.473112,1.084735
3,0.50,100,50,299,0.30,0.90,30000,14641,26,1.362590,0.440665,1.536673,0.462703,1.076578
3,0.50,100,50,299,0.30,0.90,30000,14705,27,1.368425,0.441117,1.500182,0.463306,1.091227
3,0.50,100,50,299,0.40,0.90,30000,15054,28,1.363689,0.441873,1.420334,0.465134,1.107073
3,0.50,100,50,299,0.40,0.90,30000,15092,19,1.368549,0.441610,1.420547,0.461707,1.116638
3,0.50,100,50,299,0.40,0.90,30000,15032,26,1.364524,0.441044,1.448976,0.463642,1.103551
3,0.50,200,100,149,0.05,0.70,30000,13731,19,1.373300,0.452336,1.499290,0.472803,0.876150
3,0.50,200,100,149,0.05,0.70,30000,13810,12,1.382842,0.450880,1.434268,0.490258,0.913569
3,0.50,200,100,149,0.05,0.70,30000,13839,13,1.376492,0.447775,1.405441,0.494063,1.012557
3,0.50,200,100,149,0.10,0.70,30000,14030,18,1.365484,0.440898,1.643685,0.461441,1.017393
3,0.50,200,100,149,0.10,0.70,30000,14154,16,1.364006,0.445170,1.505731,0.479169,0.907586
3,0.50,200,100,149,0.10,0.70,30000,14145,18,1.366954,0.445519,1.725599,0.467945,0.815448
3,0.50,200,100,149,0.20,0.70,30000,14523,23,1.363412,0.440172,1.507706,0.467933,1.076598
3,0.50,200,100,149,0.20,0.70,30000,14543,25,1.359262,0.440172,1.467831,0.466056,1.116194
3,0.50,200,100,149,0.20,0.70,30000,14594,17,1.365764,0.444194,1.446009,0.474212,1.057211
3,0.50,200,100,149,0.30,0.70,30000,14946,18,1.371460,0.443479,1.478785,0.456436,1.067699
3,0.50,200,100,149,0.30,0.70,30000,15019,26,1.363233,0.441610,1.404999,0.469278,1.117595
3,0.50,200,100,149,0.30,0.70,30000,14911,28,1.364850,0.440930,1.466569,0.464901,1.081155
3,0.50,200,100,149,0.40,0.70,30000,15337,25,1.363288,0.442846,1.461260,0.472276,1.074478
3,0.50,200,100,149,0.40,0.70,30000,15466,28,1.369956,0.442415,1.429754,0.461859,1.104987
3,0.50,200,100,149,0.40,0.70,30000,15358,37,1.361605,0.441923,1.450600,0.464063,1.080387
3,0.50,200,100,149,0.05,0.90,30000,13904,10,1.364230,0.441996,1.465208,0.474755,1.069049
3,0.50,200,100,149,0.05,0.90,30000,13979,11,1.372114,0.445275,1.449330,0.484710,1.038090
3,0.50,200,100,149,0.05,0.90,30000,13953,11,1.377098,0.448233,1.531336,0.512594,0.913250
3,0.50,200,100,149,0.10,0.90,30000,14243,16,1.360800,0.441520,1.479968,0.463251,1.045116
3,0.50,200,100,149,0.10,0.90,30000,14272,21,1.378018,0.443661,1.560856,0.472141,0.956676
3,0.50,200,100,149,0.10,0.90,30000,14173,20,1.364020,0.440155,1.563776,0.460879,1.041606
3,0.50,200,100,149,0.20,0.90,30000,14637,21,1.364974,0.443057,1.458835,0.467809,1.063481
3,0.50,200,100,149,0.20,0.90,30000,14696,24,1.363412,0.444218,1.416124,0.467499,1.083116
3,0.50,200,100,149,0.20,0.90,30000,14712,24,1.362514,0.444315,1.476748,0.471343,1.030266
3,0.50,200,100,149,0.30,0.90,30000,15115,21,1.365617,0.440916,1.428115,0.476814,1.092796
3,0.50,200,100,149,0.30,0.90,30000,15214,31,1.359262,0.441690,1.422027,0.470946,1.106640
3,0.50,200,100,149,0.30,0.90,30000,15115,30,1.362710,0.444340,1.403099,0.468195,1.087345
3,0.50,200,100,149,0.40,0.90,30000,15544,23,1.364020,0.441610,1.428663,0.459761,1.117849
3,0.50,200,100,149,0.40,0.90,30000,15676,27,1.364524,0.442162,1.424010,0.465056,1.110144
3,0.50,200,100,149,0.40,0.90,30000,15647,27,1.361483,0.441857,1.440780,0.462835,1.095450
3,0.60,50,25,599,0.05,0.70,30000,13133,8,1.372965,0.458160,1.444349,0.480508,0.924400
3,0.60,50,25,599,0.05,0.70,30000,13143,7,1.373350,0.449691,1.432173,0.471860,1.003794
3,0.60,50,25,599,0.05,0.70,30000,13055,9,1.364315,0.448002,1.858553,0.484053,0.810576
3,0.60,50,25,599,0.10,0.70,30000,13302,11,1.368930,0.447163,1.405672,0.466791,1.052532
3,0.60,50,25,599,0.10,0.70,30000,13276,23,1.363301,0.447085,1.419358,0.463076,1.065564
3,0.60,50,25,599,0.10,0.70,30000,13302,15,1.361966,0.443345,1.508611,0.474114,1.003630
3,0.60,50,25,599,0.20,0.70,30000,13869,19,1.364074,0.445093,1.462025,0.464441,1.040291
3,0.60,50,25,599,0.20,0.70,30000,13859,20,1.369750,0.441383,1.415577,0.464283,1.088817
3,0.60,50,25,599,0.20,0.70,30000,13853,23,1.365496,0.446444,1.432450,0.470231,1.027030
3,0.60,50,25,599,0.30,0.70,30000,14342,19,1.365676,0.444870,1.424804,0.464668,1.066963
3,0.60,50,25,599,0.30,0.70,30000,14475,25,1.367760,0.441383,1.440660,0.461729,1.086008
3,0.60,50,25,599,0.30,0.70,30000,14554,21,1.365128,0.444053,1.404000,0.467636,1.090804
3,0.60,50,25,599,0.40,0.70,30000,14791,25,1.366258,0.442004,1.435187,0.460339,1.091227
3,0.60,50,25,599,0.40,0.70,30000,14833,16,1.367770,0.442306,1.425195,0.463503,1.085672
3,0.60,50,25,599,0.40,0.70,30000,14824,23,1.363385,0.441430,1.413805,0.471486,1.100681
3,0.60,50,25,599,0.05,0.90,30000,13378,14,1.382641,0.451457,1.446351,0.469340,0.944173
3,0.60,50,25,599,0.05,0.90,30000,13235,10,1.371669,0.440926,1.511477,0.454823,1.061934
3,0.60,50,25,599,0.05,0.90,30000,13391,14,1.366892,0.445563,1.596191,0.472859,0.996783
3,0.60,50,25,599,0.10,0.90,30000,13625,12,1.364417,0.450014,1.440099,0.476763,1.034334
3,0.60,50,25,599,0.10,0.90,30000,13599,11,1.366887,0.447357,1.412432,0.468559,1.054003
3,0.60,50,25,599,0.10,0.90,30000,13438,10,1.362985,0.453373,1.465311,0.490641,0.979344
3,0.60,50,25,599,0.20,0.90,30000,14016,19,1.361406,0.447695,1.421149,0.483067,1.040602
3,0.60,50,25,599,0.20,0.90,30000,14088,22,1.367168,0.446394,1.416959,0.464925,1.062615
3,0.60,50,25,599,0.20,0.90,30000,14092,15,1.361503,0.451843,1.409252,0.472745,1.029724
3,0.60,50,25,599,0.30,0.90,30000,14441,24,1.363366,0.450569,1.392940,0.469143,1.057325
3,0.60,50,25,599,0.30,0.90,30000,14519,25,1.367907,0.445138,1.422696,0.466072,1.065948
3,0.60,50,25,599,0.30,0.90,30000,14339,25,1.366204,0.444681,1.621767,0.476389,0.818671
3,0.60,50,25,599,0.40,0.90,30000,15142,17,1.367014,0.441501,1.437929,0.461110,1.093416
3,0.60,50,25,599,0.40,0.90,30000,14965,20,1.365550,0.443705,1.420662,0.463221,1.090970
3,0.60,50,25,599,0.40,0.90,30000,14902,18,1.360834,0.441926,1.456872,0.461385,1.097211
3,0.60,100,50,299,0.05,0.70,30000,13112,13,1.373077,0.446988,1.621187,0.471284,0.882339
3,0.60,100,50,299,0.05,0.70,30000,13291,19,1.383193,0.446463,1.470819,0.483782,0.895743
3,0.60,100,50,299,0.05,0.70,30000,13336,20,1.365091,0.443308,1.442671,0.488681,0.987285
3,0.60,100,50,299,0.10,0.70,30000,13548,19,1.372880,0.445506,1.536634,0.472712,0.971875
3,0.60,100,50,299,0.10,0.70,30000,13662,10,1.369442,0.446657,1.416210,0.473487,1.040409
3,0.60,100,50,299,0.10,0.70,30000,13614,25,1.363557,0.445474,1.411788,0.474609,1.065309
3,0.60,100,50,299,0.20,0.70,30000,14035,24,1.362677,0.444720,1.483279,0.467595,1.059380
3,0.60,100,50,299,0.20,0.70,30000,14103,18,1.364209,0.443705,1.422095,0.465528,1.086028
3,0.60,100,50,299,0.20,0.70,30000,14134,18,1.363301,0.443682,1.436508,0.461059,1.085360
3,0.60,100,50,299,0.30,0.70,30000,14490,24,1.363832,0.443763,1.426229,0.467186,1.088324
3,0.60,100,50,299,0.30,0.70,30000,14465,18,1.370222,0.441185,1.489997,0.458630,1.053653
3,0.60,100,50,299,0.30,0.70,30000,14412,25,1.366185,0.442166,1.460811,0.466390,1.064405
3,0.60,100,50,299,0.40,0.70,30000,14982,31,1.360887,0.441702,1.424581,0.466175,1.105399
3,0.60,100,50,299,0.40,0.70,30000,14847,26,1.368216,0.447743,1.426636,0.461568,1.056606
3,0.60,100,50,299,0.40,0.70,30000,14867,25,1.360834,0.445474,1.400364,0.467901,1.091854
3,0.60,100,50,299,0.05,0.90,30000,13340,11,1.372544,0.441471,1.511273,0.466733,0.947978
3,0.60,100,50,299,0.05,0.90,30000,13374,9,1.378435,0.448484,1.487031,0.464079,1.000196
3,0.60,100,50,299,0.05,0.90,30000,13363,15,1.371926,0.444175,1.519654,0.483032,0.932128
3,0.60,100,50,299,0.10,0.90,30000,13686,19,1.366456,0.442117,1.428896,0.478781,1.030673
3,0.60,100,50,299,0.10,0.90,30000,13739,23,1.362987,0.445474,1.428393,0.463706,1.067897
3,0.60,100,50,299,0.10,0.90,30000,13610,14,1.372187,0.444870,1.427735,0.473966,1.032512
3,0.60,100,50,299,0.20,0.90,30000,14108,17,1.363301,0.443993,1.440056,0.463986,1.054104
3,0.60,100,50,299,0.20,0.90,30000,14203,26,1.374038,0.443705,1.448694,0.457871,1.064650
3,0.60,100,50,299,0.20,0.90,30000,14193,17,1.380331,0.440207,1.523694,0.461728,1.029478
3,0.60,100,50,299,0.30,0.90,30000,14672,26,1.362677,0.442932,1.544600,0.463578,1.084735
3,0.60,100,50,299,0.30,0.90,30000,14629,25,1.366106,0.443346,1.420910,0.464713,1.085055
3,0.60,100,50,299,0.30,0.90,30000,14673,23,1.366751,0.440570,1.520655,0.460965,1.074936
3,0.60,100,50,299,0.40,0.90,30000,15049,18,1.364074,0.446854,1.401847,0.466591,1.078232
3,0.60,100,50,299,0.40,0.90,30000,15105,25,1.365618,0.441772,1.453112,0.457378,1.096628
3,0.60,100,50,299,0.40,0.90,30000,15099,23,1.363921,0.446197,1.399408,0.465403,1.082126
3,0.60,200,100,149,0.05,0.70,30000,13754,10,1.378087,0.453549,1.503397,0.468117,0.927831
3,0.60,200,100,149,0.05,0.70,30000,13734,12,1.366741,0.447130,1.472610,0.472111,0.964045
3,0.60,200,100,149,0.05,0.70,30000,13809,15,1.375651,0.453443,1.447952,0.487161,0.869838
3,0.60,200,100,149,0.10,0.70,30000,14048,15,1.362079,0.444499,1.429846,0.469067,1.048139
3,0.60,200,100,149,0.10,0.70,30000,13927,16,1.372073,0.442117,1.454915,0.459481,1.073236
3,0.60,200,100,149,0.10,0.70,30000,14121,10,1.370114,0.441068,1.602844,0.459712,0.998441
3,0.60,200,100,149,0.20,0.70,30000,14389,22,1.362719,0.441756,1.454061,0.466111,1.051316
3,0.60,200,100,149,0.20,0.70,30000,14536,19,1.363150,0.443010,1.398557,0.478600,1.090622
3,0.60,200,100,149,0.20,0.70,30000,14415,13,1.369886,0.442191,1.477570,0.463954,1.064906
3,0.60,200,100,149,0.30,0.70,30000,14933,28,1.370992,0.443911,1.425066,0.465961,1.059265
3,0.60,200,100,149,0.30,0.70,30000,14810,19,1.378435,0.443705,1.452781,0.455599,1.056318
3,0.60,200,100,149,0.30,0.70,30000,14920,23,1.360602,0.440352,1.560042,0.460905,1.080997
3,0.60,200,100,149,0.40,0.70,30000,15363,25,1.362672,0.441430,1.402607,0.470609,1.106203
3,0.60,200,100,149,0.40,0.70,30000,15264,38,1.358559,0.446197,1.396300,0.471028,1.092887
3,0.60,200,100,149,0.40,0.70,30000,15295,26,1.367783,0.441026,1.432790,0.460239,1.094023
3,0.60,200,100,149,0.05,0.90,30000,13830,20,1.374363,0.439995,1.593672,0.470578,0.895947
3,0.60,200,100,149,0.05,0.90,30000,13906,8,1.368130,0.448206,1.421665,0.477465,1.017443
3,0.60,200,100,149,0.05,0.90,30000,13923,12,1.368787,0.444059,1.588954,0.470984,0.926474
3,0.60,200,100,149,0.10,0.90,30000,14184,13,1.367793,0.441026,1.434745,0.474402,1.028750
3,0.60,200,100,149,0.10,0.90,30000,14200,13,1.368130,0.444876,1.435751,0.462139,1.061817
3,0.60,200,100,149,0.10,0.90,30000,14215,21,1.362677,0.447816,1.443508,0.475021,1.010132
3,0.60,200,100,149,0.20,0.90,30000,14652,30,1.370064,0.441672,1.439712,0.464291,1.066829
3,0.60,200,100,149,0.20,0.90,30000,14676,28,1.361937,0.441383,1.434733,0.467968,1.074809
3,0.60,200,100,149,0.20,0.90,30000,14642,25,1.362592,0.443597,1.427356,0.470107,1.082428
3,0.60,200,100,149,0.30,0.90,30000,15069,21,1.358913,0.444360,1.457652,0.471113,1.061337
3,0.60,200,100,149,0.30,0.90,30000,15098,12,1.367014,0.441071,1.469621,0.464383,1.089628
3,0.60,200,100,149,0.30,0.90,30000,15178,22,1.372494,0.443004,1.453126,0.456817,1.079245
3,0.60,200,100,149,0.40,0.90,30000,15386,25,1.364074,0.445705,1.408796,0.468604,1.074507
3,0.60,200,100,149,0.40,0.90,30000,15519,39,1.364426,0.442759,1.419854,0.464280,1.090836
3,0.60,200,100,149,0.40,0.90,30000,15494,18,1.364426,0.444522,1.470699,0.465179,1.076886
6,0.40,50,25,999,0.05,0.70,50000,29910,25,0.755728,0.321760,0.835604,0.386668,0.083741
6,0.40,50,25,999,0.05,0.70,50000,30043,13,0.735091,0.238701,0.749592,0.305562,0.565259
6,0.40,50,25,999,0.05,0.70,50000,29729,23,0.755326,0.345611,0.827439,0.412649,0.073687
6,0.40,50,25,999,0.10,0.70,50000,30108,25,0.755639,0.321773,0.834184,0.393952,0.083923
6,0.40,50,25,999,0.10,0.70,50000,35768,25,0.745100,0.205264,0.767402,0.262982,0.496190
6,0.40,50,25,999,0.10,0.70,50000,35236,13,0.733618,0.183364,0.764458,0.243494,0.713033
6,0.40,50,25,999,0.20,0.70,50000,32414,25,0.737916,0.346297,0.817634,0.411596,0.110385
6,0.40,50,25,999,0.20,0.70,50000,31408,19,0.735960,0.182871,0.747901,0.264168,0.770948
6,0.40,50,25,999,0.20,0.70,50000,31175,25,0.750991,0.316171,0.812143,0.386507,0.096367
6,0.40,50,25,999,0.30,0.70,50000,32010,15,0.742141,0.288223,0.755250,0.373590,0.303391
6,0.40,50,25,999,0.30,0.70,50000,32167,24,0.735269,0.173833,0.750650,0.240917,0.847972
6,0.40,50,25,999,0.30,0.70,50000,31948,25,0.731983,0.169901,0.759497,0.247052,0.735135
6,0.40,50,25,999,0.40,0.70,50000,32615,25,0.739077,0.295217,0.870665,0.379179,0.131276
6,0.40,50,25,999,0.40,0.70,50000,32482,25,0.730818,0.176819,0.743085,0.242472,0.968848
6,0.40,50,25,999,0.40,0.70,50000,32518,25,0.728195,0.190547,0.736926,0.284200,0.966725
6,0.40,50,25,999,0.05,0.90,50000,30409,20,0.749232,0.252333,0.820291,0.291446,0.297808
6,0.40,50,25,999,0.05,0.90,50000,31017,18,0.752765,0.344985,0.795362,0.374328,0.079418
6,0.40,50,25,999,0.05,0.90,50000,31034,20,0.760556,0.330334,0.780597,0.358932,0.095478
6,0.40,50,25,999,0.10,0.90,50000,31453,17,0.747487,0.265302,0.759379,0.352479,0.333889
6,0.40,50,25,999,0.10,0.90,50000,31216,14,0.739066,0.175111,0.752797,0.247749,0.775498
6,0.40,50,25,999,0.10,0.90,50000,31173,16,0.735846,0.238185,0.759895,0.315684,0.526904
6,0.40,50,25,999,0.20,0.90,50000,31920,15,0.733789,0.203460,0.751935,0.259943,0.748104
6,0.40,50,25,999,0.20,0.90,50000,32047,17,0.735260,0.213701,0.748485,0.267364,0.731741
6,0.40,50,25,999,0.20,0.90,50000,31935,9,0.748636,0.261894,0.770197,0.299772,0.313921
6,0.40,50,25,999,0.30,0.90,50000,32180,25,0.744010,0.315794,0.866014,0.382710,0.111380
6,0.40,50,25,999,0.30,0.90,50000,32956,25,0.728247,0.152620,0.749249,0.242158,0.956887
6,0.40,50,25,999,0.30,0.90,50000,32981,19,0.731714,0.215289,0.747645,0.273587,0.734478
6,0.40,50,25,999,0.40,0.90,50000,33338,6,0.733096,0.242316,0.745449,0.322525,0.517861
6,0.40,50,25,999,0.40,0.90,50000,33386,19,0.736758,0.153621,0.750378,0.233326,0.882913
6,0.40,50,25,999,0.40,0.90,50000,33471,25,0.732702,0.145763,0.751537,0.205138,1.011119
6,0.40,100,50,499,0.05,0.70,50000,30756,14,0.746650,0.217569,0.766071,0.265416,0.534031
6,0.40,100,50,499,0.05,0.70,50000,31105,18,0.740721,0.245217,0.768462,0.286670,0.456370
6,0.40,100,50,499,0.05,0.70,50000,31212,13,0.730745,0.271607,0.748848,0.405088,0.391367
6,0.40,100,50,499,0.10,0.70,50000,31314,21,0.734576,0.169192,0.762142,0.261039,0.703770
6,0.40,100,50,499,0.10,0.70,50000,31570,17,0.737961,0.199000,0.752979,0.267274,0.680518
6,0.40,100,50,499,0.10,0.70,50000,31269,26,0.737292,0.217794,0.753098,0.299430,0.554246
6,0.40,100,50,499,0.20,0.70,50000,32203,32,0.740571,0.194416,0.751336,0.277026,0.661924
6,0.40,100,50,499,0.20,0.70,50000,31794,20,0.742940,0.172684,0.757016,0.225586,0.758453
6,0.40,100,50,499,0.20,0.70,50000,31882,32,0.734758,0.192010,0.748469,0.258421,0.796731
6,0.40,100,50,499,0.30,0.70,50000,32547,31,0.728723,0.167450,0.747297,0.253710,0.928552
6,0.40,100,50,499,0.30,0.70,50000,32555,26,0.734851,0.163048,0.749747,0.216341,0.953800
6,0.40,100,50,499,0.30,0.70,50000,32520,31,0.730903,0.127612,0.745390,0.257049,0.936232
6,0.40,100,50,499,0.40,0.70,50000,33527,28,0.728240,0.161384,0.747538,0.265441,0.887955
6,0.40,100,50,499,0.40,0.70,50000,33431,28,0.728694,0.155437,0.743856,0.264551,0.951430
6,0.40,100,50,499,0.40,0.70,50000,33416,20,0.732995,0.168759,0.746127,0.226287,0.971923
6,0.40,100,50,499,0.05,0.90,50000,31160,27,0.757965,0.292273,0.790945,0.333311,0.121771
6,0.40,100,50,499,0.05,0.90,50000,31219,21,0.739481,0.214111,0.754360,0.294431,0.555075
6,0.40,100,50,499,0.05,0.90,50000,31339,37,0.734136,0.281110,0.778569,0.365269,0.252519
6,0.40,100,50,499,0.10,0.90,50000,31403,18,0.741696,0.195494,0.762317,0.300834,0.409362
6,0.40,100,50,499,0.10,0.90,50000,31784,30,0.732458,0.169946,0.753508,0.269675,0.704584
6,0.40,100,50,499,0.10,0.90,50000,31413,14,0.738199,0.198873,0.755884,0.242426,0.742215
6,0.40,100,50,499,0.20,0.90,50000,32063,20,0.732450,0.153813,0.754697,0.241480,0.826476
6,0.40,100,50,499,0.20,0.90,50000,32289,20,0.731569,0.215564,0.745413,0.264440,0.793658
6,0.40,100,50,499,0.20,0.90,50000,32217,34,0.730300,0.216888,0.745726,0.295627,0.682983
6,0.40,100,50,499,0.30,0.90,50000,33062,44,0.730477,0.142437,0.744249,0.232603,1.020515
6,0.40,100,50,499,0.30,0.90,50000,32926,27,0.734435,0.200518,0.757916,0.252662,0.709916
6,0.40,100,50,499,0.30,0.90,50000,32962,38,0.728010,0.140966,0.745211,0.266820,0.900586
6,0.40,100,50,499,0.40,0.90,50000,33357,26,0.732970,0.165518,0.753184,0.258256,0.816093
6,0.40,100,50,499,0.40,0.90,50000,33671,31,0.731822,0.188251,0.748062,0.239301,0.887301
6,0.40,100,50,499,0.40,0.90,50000,33498,44,0.733376,0.163481,0.752319,0.223620,0.922334
6,0.40,200,100,249,0.05,0.70,50000,32069,13,0.749183,0.279434,0.761708,0.347423,0.234851
6,0.40,200,100,249,0.05,0.70,50000,31451,19,0.733121,0.235445,0.749087,0.340984,0.495312
6,0.40,200,100,249,0.05,0.70,50000,31936,9,0.742363,0.268235,0.753811,0.294778,0.455171
6,0.40,200,100,249,0.10,0.70,50000,32302,20,0.733383,0.188686,0.761279,0.236992,0.793668
6,0.40,200,100,249,0.10,0.70,50000,31986,18,0.735264,0.218800,0.750935,0.281635,0.666628
6,0.40,200,100,249,0.10,0.70,50000,31873,32,0.739083,0.270639,0.768598,0.358918,0.230703
6,0.40,200,100,249,0.20,0.70,50000,32659,29,0.729897,0.174980,0.743647,0.257511,0.935389
6,0.40,200,100,249,0.20,0.70,50000,32796,34,0.733060,0.180471,0.755696,0.293087,0.627398
6,0.40,200,100,249,0.20,0.70,50000,32789,28,0.729782,0.190033,0.745897,0.289642,0.750130
6,0.40,200,100,249,0.30,0.70,50000,33372,27,0.735074,0.174791,0.750510,0.242885,0.842979
6,0.40,200,100,249,0.30,0.70,50000,33070,35,0.732103,0.172284,0.751494,0.256877,0.837051
6,0.40,200,100,249,0.30,0.70,50000,33661,26,0.727549,0.242999,0.754443,0.392414,0.345340
6,0.40,200,100,249,0.40,0.70,50000,34206,30,0.732372,0.167699,0.746440,0.232730,0.946625
6,0.40,200,100,249,0.40,0.70,50000,34463,43,0.728031,0.146840,0.745374,0.243450,0.975447
6,0.40,200,100,249,0.40,0.70,50000,34151,24,0.728113,0.166503,0.742481,0.257681,0.977729
6,0.40,200,100,249,0.05,0.90,50000,31836,8,0.757825,0.254691,0.785982,0.293637,0.239196
6,0.40,200,100,249,0.05,0.90,50000,32003,20,0.750610,0.221213,0.773706,0.292550,0.318962
6,0.40,200,100,249,0.05,0.90,50000,31687,31,0.739180,0.206959,0.768404,0.290980,0.419671
6,0.40,200,100,249,0.10,0.90,50000,32463,18,0.754299,0.297883,0.824289,0.334824,0.162417
6,0.40,200,100,249,0.10,0.90,50000,32672,28,0.736260,0.161644,0.754374,0.254028,0.785616
6,0.40,200,100,249,0.10,0.90,50000,32145,11,0.734405,0.191915,0.759950,0.264975,0.657764
6,0.40,200,100,249,0.20,0.90,50000,33305,23,0.733477,0.177462,0.755986,0.257388,0.767551
6,0.40,200,100,249,0.20,0.90,50000,32819,26,0.733524,0.187005,0.752655,0.261656,0.755629
6,0.40,200,100,249,0.20,0.90,50000,33087,22,0.730780,0.181201,0.743084,0.273559,0.890541
6,0.40,200,100,249,0.30,0.90,50000,33517,36,0.733324,0.171288,0.750480,0.235760,0.898995
6,0.40,200,100,249,0.30,0.90,50000,33595,33,0.731360,0.145720,0.750876,0.236619,0.916183
6,0.40,200,100,249,0.30,0.90,50000,33779,30,0.729432,0.184520,0.745004,0.269068,0.871381
6,0.40,200,100,249,0.40,0.90,50000,34359,28,0.728254,0.157732,0.754955,0.226565,0.944713
6,0.40,200,100,249,0.40,0.90,50000,34333,40,0.728350,0.132175,0.746976,0.237434,1.001421
6,0.40,200,100,249,0.40,0.90,50000,34522,24,0.729794,0.171911,0.749746,0.234349,0.947337
6,0.50,50,25,999,0.05,0.70,50000,29829,22,0.760448,0.371872,0.818433,0.431589,0.080724
6,0.50,50,25,999,0.05,0.70,50000,30934,14,0.736924,0.195283,0.749535,0.265338,1.060368
6,0.50,50,25,999,0.05,0.70,50000,30282,23,0.748622,0.338477,0.862510,0.378176,0.111935
6,0.50,50,25,999,0.10,0.70,50000,30968,22,0.739712,0.278685,0.771218,0.325931,0.485168
6,0.50,50,25,999,0.10,0.70,50000,31025,15,0.741453,0.209295,0.756409,0.277017,0.938745
6,0.50,50,25,999,0.10,0.70,50000,30775,16,0.734014,0.245047,0.761249,0.305642,0.724381
6,0.50,50,25,999,0.20,0.70,50000,31470,25,0.744028,0.318684,0.787952,0.394637,0.175790
6,0.50,50,25,999,0.20,0.70,50000,31677,25,0.731949,0.152088,0.754765,0.267846,1.032424
6,0.50,50,25,999,0.20,0.70,50000,31631,17,0.730288,0.175102,0.745112,0.241958,1.135087
6,0.50,50,25,999,0.30,0.70,50000,32394,17,0.735102,0.176057,0.752569,0.234749,1.084754
6,0.50,50,25,999,0.30,0.70,50000,32728,24,0.729687,0.157557,0.754508,0.221220,1.131484
6,0.50,50,25,999,0.30,0.70,50000,32394,25,0.733218,0.160218,0.744584,0.255447,1.111836
6,0.50,50,25,999,0.40,0.70,50000,32951,24,0.736799,0.293478,0.807872,0.372134,0.298771
6,0.50,50,25,999,0.40,0.70,50000,33275,25,0.727226,0.173179,0.741201,0.257548,1.158590
6,0.50,50,25,999,0.40,0.70,50000,33243,25,0.731230,0.140817,0.746722,0.231420,1.141749
6,0.50,50,25,999,0.05,0.90,50000,30828,13,0.745457,0.320452,0.790156,0.399944,0.145359
6,0.50,50,25,999,0.05,0.90,50000,31033,13,0.729233,0.230488,0.749948,0.273241,0.950511
6,0.50,50,25,999,0.05,0.90,50000,30268,12,0.742920,0.261150,0.777963,0.306551,0.582556
6,0.50,50,25,999,0.10,0.90,50000,31028,12,0.747905,0.319423,0.760056,0.411025,0.310252
6,0.50,50,25,999,0.10,0.90,50000,31349,12,0.738046,0.173867,0.749048,0.236594,1.076910
6,0.50,50,25,999,0.10,0.90,50000,30938,6,0.755934,0.345147,0.786575,0.354701,0.203824
6,0.50,50,25,999,0.20,0.90,50000,31741,20,0.736412,0.214632,0.759843,0.257565,0.948166
6,0.50,50,25,999,0.20,0.90,50000,32016,25,0.733577,0.171600,0.753355,0.262326,1.043348
6,0.50,50,25,999,0.20,0.90,50000,31954,25,0.736607,0.186800,0.748853,0.250208,1.082633
6,0.50,50,25,999,0.30,0.90,50000,33212,20,0.735046,0.153580,0.749812,0.222326,1.106486
6,0.50,50,25,999,0.30,0.90,50000,32836,25,0.731950,0.160106,0.753982,0.252930,1.056955
6,0.50,50,25,999,0.30,0.90,50000,32429,25,0.735929,0.241553,0.814799,0.283264,0.609669
6,0.50,50,25,999,0.40,0.90,50000,33217,24,0.732541,0.167476,0.745722,0.241744,1.124259
6,0.50,50,25,999,0.40,0.90,50000,33193,25,0.731855,0.159086,0.747200,0.226090,1.150571
6,0.50,50,25,999,0.40,0.90,50000,33513,21,0.728586,0.258163,0.756023,0.323138,0.720419
6,0.50,100,50,499,0.05,0.70,50000,31353,32,0.757840,0.295609,0.780243,0.372611,0.328164
6,0.50,100,50,499,0.05,0.70,50000,31064,24,0.740811,0.254166,0.767840,0.301629,0.666582
6,0.50,100,50,499,0.05,0.70,50000,31059,18,0.746993,0.295381,0.781444,0.361051,0.341883
6,0.50,100,50,499,0.10,0.70,50000,31330,14,0.736192,0.221606,0.755607,0.277777,0.907202
6,0.50,100,50,499,0.10,0.70,50000,31200,33,0.727306,0.201328,0.746348,0.289689,1.048562
6,0.50,100,50,499,0.10,0.70,50000,31299,16,0.737781,0.230713,0.757435,0.275915,0.860177
6,0.50,100,50,499,0.20,0.70,50000,31950,33,0.729022,0.185681,0.743970,0.258344,1.132185
6,0.50,100,50,499,0.20,0.70,50000,32108,15,0.735830,0.165576,0.750067,0.244518,1.083731
6,0.50,100,50,499,0.20,0.70,50000,32014,31,0.734015,0.164019,0.752218,0.240085,1.112235
6,0.50,100,50,499,0.30,0.70,50000,32740,26,0.734124,0.167786,0.749400,0.262457,1.092468
6,0.50,100,50,499,0.30,0.70,50000,32751,30,0.729254,0.186654,0.742729,0.268690,1.112577
6,0.50,100,50,499,0.30,0.70,50000,32456,33,0.730273,0.154701,0.754503,0.228892,1.125571
6,0.50,100,50,499,0.40,0.70,50000,33136,32,0.731432,0.155144,0.750603,0.233415,1.129645
6,0.50,100,50,499,0.40,0.70,50000,33647,26,0.732835,0.161345,0.748656,0.233171,1.129778
6,0.50,100,50,499,0.40,0.70,50000,33381,32,0.730972,0.152941,0.749029,0.212401,1.146273
6,0.50,100,50,499,0.05,0.90,50000,31057,5,0.749135,0.251770,0.773488,0.299626,0.589563
6,0.50,100,50,499,0.05,0.90,50000,31328,6,0.747345,0.246094,0.757554,0.273597,0.766834
6,0.50,100,50,499,0.05,0.90,50000,31244,13,0.738266,0.219602,0.755239,0.284098,0.910250
6,0.50,100,50,499,0.10,0.90,50000,31545,25,0.742655,0.244017,0.783655,0.288718,0.651628
6,0.50,100,50,499,0.10,0.90,50000,31103,14,0.745354,0.212305,0.771788,0.300597,0.885683
6,0.50,100,50,499,0.10,0.90,50000,31783,18,0.735064,0.208506,0.760187,0.341468,0.806814
6,0.50,100,50,499,0.20,0.90,50000,31988,33,0.734799,0.189728,0.754680,0.266462,1.034930
6,0.50,100,50,499,0.20,0.90,50000,32406,30,0.734543,0.172000,0.761671,0.229576,1.083420
6,0.50,100,50,499,0.20,0.90,50000,32335,18,0.741767,0.238889,0.802822,0.287131,0.604786
6,0.50,100,50,499,0.30,0.90,50000,33107,34,0.734682,0.195352,0.757350,0.242993,1.068256
6,0.50,100,50,499,0.30,0.90,50000,32846,18,0.727238,0.193837,0.749922,0.272088,1.103059
6,0.50,100,50,499,0.30,0.90,50000,33074,25,0.730233,0.197160,0.760089,0.285547,0.992083
6,0.50,100,50,499,0.40,0.90,50000,33845,28,0.739830,0.272571,0.765821,0.331083,0.584481
6,0.50,100,50,499,0.40,0.90,50000,33903,23,0.728129,0.207453,0.737345,0.276202,1.127945
6,0.50,100,50,499,0.40,0.90,50000,33696,31,0.730494,0.145903,0.750909,0.215141,1.147626
6,0.50,200,100,249,0.05,0.70,50000,31886,11,0.756068,0.235000,0.782393,0.309186,0.572084
6,0.50,200,100,249,0.05,0.70,50000,31631,10,0.749189,0.213964,0.771037,0.246192,0.884323
6,0.50,200,100,249,0.05,0.70,50000,31915,19,0.746199,0.205925,0.765379,0.296625,0.841456
6,0.50,200,100,249,0.10,0.70,50000,32180,19,0.740893,0.164382,0.761695,0.253735,0.972278
6,0.50,200,100,249,0.10,0.70,50000,32163,24,0.736704,0.237471,0.760957,0.288391,0.789121
6,0.50,200,100,249,0.10,0.70,50000,32267,19,0.744913,0.167086,0.767547,0.265074,0.882689
6,0.50,200,100,249,0.20,0.70,50000,32874,21,0.735858,0.229439,0.758931,0.280798,0.862149
6,0.50,200,100,249,0.20,0.70,50000,32778,31,0.738718,0.170735,0.752697,0.254285,1.048583
6,0.50,200,100,249,0.20,0.70,50000,33011,36,0.736318,0.203717,0.752718,0.274949,1.018747
6,0.50,200,100,249,0.30,0.70,50000,33352,48,0.730620,0.152972,0.747110,0.228929,1.152598
6,0.50,200,100,249,0.30,0.70,50000,33389,26,0.731171,0.159640,0.746296,0.250550,1.123941
6,0.50,200,100,249,0.30,0.70,50000,34280,61,0.747082,0.299242,0.803403,0.380622,0.179675
6,0.50,200,100,249,0.40,0.70,50000,34183,32,0.736631,0.132108,0.756887,0.223579,1.083759
6,0.50,200,100,249,0.40,0.70,50000,34267,24,0.737214,0.167926,0.755733,0.217133,1.098416
6,0.50,200,100,249,0.40,0.70,50000,34042,25,0.734831,0.172527,0.748777,0.253688,1.082787
6,0.50,200,100,249,0.05,0.90,50000,32145,10,0.744386,0.280342,0.765458,0.333152,0.495375
6,0.50,200,100,249,0.05,0.90,50000,31591,20,0.736196,0.242254,0.755141,0.313381,0.779324
6,0.50,200,100,249,0.05,0.90,50000,31690,15,0.751632,0.295348,0.773129,0.358111,0.323239
6,0.50,200,100,249,0.10,0.90,50000,32114,24,0.760707,0.226482,0.777919,0.303551,0.659412
6,0.50,200,100,249,0.10,0.90,50000,32509,24,0.745797,0.283592,0.770951,0.317793,0.504902
6,0.50,200,100,249,0.10,0.90,50000,32672,15,0.741898,0.319745,0.832128,0.349010,0.226637
6,0.50,200,100,249,0.20,0.90,50000,32921,23,0.729690,0.170289,0.743416,0.255678,1.140847
6,0.50,200,100,249,0.20,0.90,50000,32850,27,0.735718,0.168849,0.760945,0.264361,0.997450
6,0.50,200,100,249,0.20,0.90,50000,32794,23,0.734059,0.192081,0.754096,0.266668,1.013100
6,0.50,200,100,249,0.30,0.90,50000,33464,39,0.728157,0.142562,0.748169,0.228837,1.154919
6,0.50,200,100,249,0.30,0.90,50000,33713,44,0.732568,0.167176,0.758356,0.254188,1.058163
6,0.50,200,100,249,0.30,0.90,50000,33618,29,0.730674,0.197400,0.750466,0.280291,1.031228
6,0.50,200,100,249,0.40,0.90,50000,35486,34,0.731342,0.155339,0.755587,0.248199,1.081057
6,0.50,200,100,249,0.40,0.90,50000,36180,34,0.731774,0.144761,0.752369,0.226633,1.135414
6,0.50,200,100,249,0.40,0.90,50000,34482,32,0.726725,0.180682,0.754632,0.257644,1.102145
6,0.60,50,25,999,0.05,0.70,50000,30624,25,0.747987,0.346115,0.785595,0.432632,0.292591
6,0.60,50,25,999,0.05,0.70,50000,30368,12,0.736688,0.281969,0.754601,0.317022,0.791077
6,0.60,50,25,999,0.05,0.70,50000,30534,25,0.769027,0.320845,0.829249,0.374291,0.211962
6,0.60,50,25,999,0.10,0.70,50000,30478,25,0.738559,0.342308,0.818980,0.409147,0.362602
6,0.60,50,25,999,0.10,0.70,50000,31609,23,0.739364,0.211887,0.754882,0.304689,0.872378
6,0.60,50,25,999,0.10,0.70,50000,30447,23,0.737112,0.190517,0.762454,0.277351,0.909735
6,0.60,50,25,999,0.20,0.70,50000,31413,23,0.733391,0.181192,0.748753,0.233948,1.107142
6,0.60,50,25,999,0.20,0.70,50000,31598,25,0.724914,0.310406,0.772898,0.425550,0.387564
6,0.60,50,25,999,0.20,0.70,50000,31616,17,0.735256,0.180553,0.749907,0.253511,1.074379
6,0.60,50,25,999,0.30,0.70,50000,32223,25,0.745997,0.330704,0.813907,0.390783,0.351529
6,0.60,50,25,999,0.30,0.70,50000,32272,25,0.732468,0.169105,0.748967,0.257195,1.094228
6,0.60,50,25,999,0.30,0.70,50000,32549,24,0.728737,0.177046,0.743851,0.264235,1.116806
6,0.60,50,25,999,0.40,0.70,50000,32821,25,0.727781,0.165927,0.745752,0.245282,1.126822
6,0.60,50,25,999,0.40,0.70,50000,33184,25,0.729071,0.142189,0.745566,0.243032,1.132545
6,0.60,50,25,999,0.40,0.70,50000,32776,25,0.732326,0.170393,0.749585,0.249889,1.093820
6,0.60,50,25,999,0.05,0.90,50000,30776,15,0.731147,0.214600,0.746907,0.264519,1.014197
6,0.60,50,25,999,0.05,0.90,50000,30639,10,0.745294,0.247205,0.759969,0.307424,0.724410
6,0.60,50,25,999,0.05,0.90,50000,30373,14,0.749598,0.215079,0.758795,0.283992,0.752519
6,0.60,50,25,999,0.10,0.90,50000,30890,18,0.751315,0.321926,0.787177,0.376308,0.408362
6,0.60,50,25,999,0.10,0.90,50000,30899,11,0.738805,0.221595,0.765283,0.257028,0.926647
6,0.60,50,25,999,0.10,0.90,50000,30973,25,0.741704,0.192299,0.764658,0.237118,0.932997
6,0.60,50,25,999,0.20,0.90,50000,32037,25,0.745971,0.306838,0.839563,0.356164,0.387049
6,0.60,50,25,999,0.20,0.90,50000,32021,25,0.738011,0.158424,0.750466,0.210510,1.116731
6,0.60,50,25,999,0.20,0.90,50000,32040,24,0.756280,0.323770,0.830232,0.367913,0.359842
6,0.60,50,25,999,0.30,0.90,50000,33168,24,0.734576,0.168482,0.745417,0.287689,1.081385
6,0.60,50,25,999,0.30,0.90,50000,32520,25,0.734970,0.152293,0.747981,0.213203,1.156205
6,0.60,50,25,999,0.30,0.90,50000,32579,25,0.741933,0.300180,0.799524,0.362034,0.527625
6,0.60,50,25,999,0.40,0.90,50000,33179,21,0.737092,0.173594,0.756040,0.244722,1.028306
6,0.60,50,25,999,0.40,0.90,50000,32958,13,0.733362,0.213337,0.775375,0.280831,0.936333
6,0.60,50,25,999,0.40,0.90,50000,33127,25,0.728086,0.179758,0.742202,0.257067,1.133081
6,0.60,100,50,499,0.05,0.70,50000,30793,18,0.741986,0.216362,0.762957,0.293660,0.807440
6,0.60,100,50,499,0.05,0.70,50000,30076,20,0.743023,0.273315,0.782570,0.314438,0.654467
6,0.60,100,50,499,0.05,0.70,50000,31175,15,0.728908,0.277577,0.763060,0.328039,0.785237
6,0.60,100,50,499,0.10,0.70,50000,31124,25,0.734602,0.203072,0.760581,0.297115,0.873476
6,0.60,100,50,499,0.10,0.70,50000,31368,38,0.738283,0.161608,0.759319,0.283106,0.902308
6,0.60,100,50,499,0.10,0.70,50000,31001,9,0.737551,0.199970,0.756436,0.232812,1.023518
6,0.60,100,50,499,0.20,0.70,50000,31906,50,0.754013,0.322327,0.808151,0.409168,0.273256
6,0.60,100,50,499,0.20,0.70,50000,31895,24,0.738003,0.179827,0.756364,0.237139,1.029593
6,0.60,100,50,499,0.20,0.70,50000,32049,23,0.736338,0.147968,0.755801,0.214732,1.115195
6,0.60,100,50,499,0.30,0.70,50000,33051,22,0.735295,0.177474,0.756933,0.224973,1.092512
6,0.60,100,50,499,0.30,0.70,50000,32869,26,0.737053,0.151056,0.752138,0.232327,1.087514
6,0.60,100,50,499,0.30,0.70,50000,32839,26,0.729611,0.187127,0.746677,0.233607,1.121694
6,0.60,100,50,499,0.40,0.70,50000,33334,31,0.740318,0.172284,0.755179,0.272551,0.928329
6,0.60,100,50,499,0.40,0.70,50000,33443,39,0.729572,0.170003,0.744879,0.236862,1.151590
6,0.60,100,50,499,0.40,0.70,50000,33758,22,0.729260,0.180743,0.743512,0.253073,1.114526
6,0.60,100,50,499,0.05,0.90,50000,30930,13,0.754895,0.239690,0.770913,0.316682,0.524179
6,0.60,100,50,499,0.05,0.90,50000,30602,19,0.736327,0.277686,0.755388,0.315233,0.794472
6,0.60,100,50,499,0.05,0.90,50000,31426,18,0.734869,0.249947,0.759481,0.303520,0.877757
6,0.60,100,50,499,0.10,0.90,50000,31477,21,0.737285,0.184670,0.755388,0.242991,1.034493
6,0.60,100,50,499,0.10,0.90,50000,31501,19,0.732034,0.239317,0.746947,0.270814,0.967319
6,0.60,100,50,499,0.10,0.90,50000,31424,24,0.746467,0.269546,0.787940,0.316973,0.607038
6,0.60,100,50,499,0.20,0.90,50000,32058,11,0.738810,0.204083,0.754212,0.250498,0.990823
6,0.60,100,50,499,0.20,0.90,50000,32618,34,0.733955,0.183441,0.746316,0.256825,1.108984
6,0.60,100,50,499,0.20,0.90,50000,32339,18,0.739510,0.246805,0.776729,0.311289,0.712311
6,0.60,100,50,499,0.30,0.90,50000,33170,29,0.730065,0.176595,0.748239,0.269825,1.073198
6,0.60,100,50,499,0.30,0.90,50000,33105,35,0.730826,0.164534,0.757082,0.246594,1.049967
6,0.60,100,50,499,0.30,0.90,50000,32991,18,0.732208,0.188170,0.755630,0.261594,1.067858
6,0.60,100,50,499,0.40,0.90,50000,33458,34,0.729374,0.171824,0.745339,0.260664,1.121853
6,0.60,100,50,499,0.40,0.90,50000,34057,32,0.728034,0.257901,0.751048,0.346020,0.782089
6,0.60,100,50,499,0.40,0.90,50000,33613,20,0.728184,0.170317,0.740422,0.249185,1.164490
6,0.60,200,100,249,0.05,0.70,50000,31441,22,0.735724,0.248039,0.757605,0.322346,0.784652
6,0.60,200,100,249,0.05,0.70,50000,32005,19,0.731458,0.238062,0.747651,0.294532,0.935251
6,0.60,200,100,249,0.05,0.70,50000,31584,20,0.743105,0.274516,0.768000,0.358560,0.574310
6,0.60,200,100,249,0.10,0.70,50000,32093,12,0.742415,0.177580,0.764823,0.268999,0.835832
6,0.60,200,100,249,0.10,0.70,50000,32040,12,0.737613,0.217655,0.744900,0.283983,0.996466
6,0.60,200,100,249,0.10,0.70,50000,31914,18,0.740140,0.178393,0.757125,0.220670,1.038171
6,0.60,200,100,249,0.20,0.70,50000,32653,43,0.742495,0.334032,0.815038,0.395699,0.372808
6,0.60,200,100,249,0.20,0.70,50000,32583,30,0.734820,0.193586,0.749074,0.244530,1.077934
6,0.60,200,100,249,0.20,0.70,50000,32952,36,0.730537,0.151949,0.745017,0.244083,1.148471
6,0.60,200,100,249,0.30,0.70,50000,33526,31,0.730104,0.177050,0.743078,0.277384,1.103380
6,0.60,200,100,249,0.30,0.70,50000,33743,24,0.730579,0.149848,0.751648,0.227525,1.129794
6,0.60,200,100,249,0.30,0.70,50000,33202,37,0.736593,0.152317,0.753067,0.229343,1.109043
6,0.60,200,100,249,0.40,0.70,50000,34113,37,0.726957,0.181964,0.742100,0.286174,1.083433
6,0.60,200,100,249,0.40,0.70,50000,33896,14,0.736072,0.157078,0.747705,0.256118,1.103714
6,0.60,200,100,249,0.40,0.70,50000,33924,27,0.733362,0.142163,0.750035,0.239685,1.112858
6,0.60,200,100,249,0.05,0.90,50000,32084,30,0.761203,0.351998,0.799778,0.414426,0.242227
6,0.60,200,100,249,0.05,0.90,50000,31488,17,0.740649,0.205623,0.760991,0.248404,0.919314
6,0.60,200,100,249,0.05,0.90,50000,31713,15,0.749693,0.305287,0.828862,0.351279,0.427634
6,0.60,200,100,249,0.10,0.90,50000,32443,37,0.740444,0.337496,0.805011,0.412492,0.350243
6,0.60,200,100,249,0.10,0.90,50000,32341,15,0.733169,0.221352,0.767780,0.271339,0.934765
6,0.60,200,100,249,0.10,0.90,50000,32177,16,0.746740,0.241659,0.777857,0.298009,0.660837
6,0.60,200,100,249,0.20,0.90,50000,32776,35,0.735109,0.161556,0.759095,0.235534,1.070427
6,0.60,200,100,249,0.20,0.90,50000,33232,27,0.735514,0.182197,0.749218,0.258217,1.077665
6,0.60,200,100,249,0.20,0.90,50000,32915,23,0.737805,0.180730,0.750980,0.279936,0.983728
6,0.60,200,100,249,0.30,0.90,50000,33598,56,0.731750,0.148628,0.754198,0.273487,1.054658
6,0.60,200,100,249,0.30,0.90,50000,33559,28,0.732630,0.168979,0.747868,0.250201,1.113140
6,0.60,200,100,249,0.30,0.90,50000,33633,29,0.729151,0.192002,0.740553,0.278002,1.080221
6,0.60,200,100,249,0.40,0.90,50000,34800,20,0.729659,0.222222,0.741737,0.286588,0.990805
6,0.60,200,100,249,0.40,0.90,50000,34309,23,0.730421,0.134853,0.749319,0.234584,1.123539
6,0.60,200,100,249,0.40,0.90,50000,34650,43,0.725763,0.164688,0.740869,0.267571,1.128808
10,0.40,50,25,1599,0.05,0.70,80000,64634,25,0.437597,0.216831,0.459524,0.266113,0.807400
10,0.40,50,25,1599,0.05,0.70,80000,65069,21,0.441337,0.200093,0.469714,0.250816,0.842910
10,0.40,50,25,1599,0.05,0.70,80000,66987,25,0.429630,0.167665,0.470783,0.232320,0.979346
10,0.40,50,25,1599,0.10,0.70,80000,65222,23,0.458752,0.161280,0.476427,0.184367,0.933915
10,0.40,50,25,1599,0.10,0.70,80000,64836,25,0.437711,0.169956,0.528157,0.235257,0.772235
10,0.40,50,25,1599,0.10,0.70,80000,65859,25,0.444977,0.193445,0.471454,0.237656,0.861572
10,0.40,50,25,1599,0.20,0.70,80000,65722,18,0.425277,0.180877,0.465739,0.239243,0.954496
10,0.40,50,25,1599,0.20,0.70,80000,66455,19,0.423055,0.179153,0.447131,0.213800,1.046210
10,0.40,50,25,1599,0.20,0.70,80000,66436,25,0.428467,0.180645,0.462522,0.242228,0.987189
10,0.40,50,25,1599,0.30,0.70,80000,67564,25,0.428024,0.169819,0.440055,0.217868,1.071725
10,0.40,50,25,1599,0.30,0.70,80000,67623,25,0.445003,0.091330,0.499110,0.180390,0.978905
10,0.40,50,25,1599,0.30,0.70,80000,67777,21,0.417581,0.158411,0.439939,0.212113,1.150681
10,0.40,50,25,1599,0.40,0.70,80000,68226,25,0.430508,0.125213,0.449206,0.233594,1.078611
10,0.40,50,25,1599,0.40,0.70,80000,69224,25,0.436825,0.114554,0.486734,0.177008,1.054483
10,0.40,50,25,1599,0.40,0.70,80000,68913,25,0.419584,0.139594,0.444418,0.212610,1.179552
10,0.40,50,25,1599,0.05,0.90,80000,65361,20,0.451636,0.222163,0.471156,0.264020,0.728877
10,0.40,50,25,1599,0.05,0.90,80000,65502,22,0.452506,0.142432,0.485711,0.222785,0.917693
10,0.40,50,25,1599,0.05,0.90,80000,65470,24,0.451974,0.207568,0.466755,0.276236,0.773931
10,0.40,50,25,1599,0.10,0.90,80000,66132,25,0.436185,0.200811,0.455971,0.250850,0.877367
10,0.40,50,25,1599,0.10,0.90,80000,65666,25,0.444160,0.181323,0.467960,0.251316,0.890390
10,0.40,50,25,1599,0.10,0.90,80000,65567,25,0.432146,0.197599,0.457126,0.283064,0.859484
10,0.40,50,25,1599,0.20,0.90,80000,67559,23,0.421400,0.183775,0.437567,0.222020,1.043655
10,0.40,50,25,1599,0.20,0.90,80000,67300,25,0.424420,0.131567,0.458056,0.166522,1.172899
10,0.40,50,25,1599,0.20,0.90,80000,66789,25,0.419271,0.163185,0.429389,0.194600,1.157330
10,0.40,50,25,1599,0.30,0.90,80000,68696,25,0.434147,0.183523,0.457550,0.265530,0.923693
10,0.40,50,25,1599,0.30,0.90,80000,69265,25,0.431035,0.161550,0.445345,0.214381,1.081370
10,0.40,50,25,1599,0.30,0.90,80000,68512,25,0.416984,0.141821,0.429528,0.184097,1.198917
10,0.40,50,25,1599,0.40,0.90,80000,69100,25,0.425518,0.119131,0.454995,0.244556,1.093804
10,0.40,50,25,1599,0.40,0.90,80000,70014,25,0.419153,0.124113,0.440679,0.186203,1.185196
10,0.40,50,25,1599,0.40,0.90,80000,69973,25,0.416789,0.125210,0.438239,0.199734,1.192079
10,0.40,100,50,799,0.05,0.70,80000,65071,19,0.453088,0.184956,0.502378,0.235771,0.784203
10,0.40,100,50,799,0.05,0.70,80000,65520,17,0.442241,0.213292,0.450880,0.263362,0.823330
10,0.40,100,50,799,0.05,0.70,80000,65107,20,0.458746,0.196585,0.470915,0.251003,0.796088
10,0.40,100,50,799,0.10,0.70,80000,66908,31,0.434450,0.193323,0.455017,0.275071,0.893096
10,0.40,100,50,799,0.10,0.70,80000,66045,28,0.413626,0.174924,0.458297,0.250557,1.007464
10,0.40,100,50,799,0.10,0.70,80000,65498,21,0.436141,0.144408,0.473130,0.208626,1.023188
10,0.40,100,50,799,0.20,0.70,80000,68110,33,0.439444,0.145103,0.470866,0.211591,1.012723
10,0.40,100,50,799,0.20,0.70,80000,67929,32,0.438527,0.151117,0.455845,0.218113,1.062081
10,0.40,100,50,799,0.20,0.70,80000,67526,37,0.435724,0.125682,0.456375,0.200308,1.081592
10,0.40,100,50,799,0.30,0.70,80000,68733,38,0.420979,0.171535,0.444909,0.236475,1.058491
10,0.40,100,50,799,0.30,0.70,80000,68649,50,0.438556,0.150709,0.451639,0.216362,1.071098
10,0.40,100,50,799,0.30,0.70,80000,68422,40,0.417025,0.119326,0.441599,0.213956,1.165223
10,0.40,100,50,799,0.40,0.70,80000,69867,24,0.427692,0.152907,0.437238,0.222268,1.141442
10,0.40,100,50,799,0.40,0.70,80000,70216,50,0.422190,0.188597,0.447322,0.249708,0.980502
10,0.40,100,50,799,0.40,0.70,80000,70515,24,0.429341,0.155281,0.441779,0.206463,1.116906
10,0.40,100,50,799,0.05,0.90,80000,65160,33,0.460281,0.165407,0.506133,0.213391,0.830586
10,0.40,100,50,799,0.05,0.90,80000,65378,22,0.438937,0.203792,0.452417,0.285554,0.847747
10,0.40,100,50,799,0.05,0.90,80000,66363,21,0.448704,0.193125,0.469301,0.258893,0.831861
10,0.40,100,50,799,0.10,0.90,80000,66515,48,0.437937,0.167958,0.463807,0.281499,0.901860
10,0.40,100,50,799,0.10,0.90,80000,66861,37,0.441455,0.191709,0.470229,0.249723,0.861066
10,0.40,100,50,799,0.10,0.90,80000,66933,28,0.446713,0.137737,0.466166,0.255555,0.964860
10,0.40,100,50,799,0.20,0.90,80000,68756,37,0.428500,0.206828,0.455441,0.292749,0.856639
10,0.40,100,50,799,0.20,0.90,80000,68079,33,0.435608,0.163695,0.453374,0.229203,1.023550
10,0.40,100,50,799,0.20,0.90,80000,68115,50,0.422181,0.157125,0.445623,0.216366,1.122732
10,0.40,100,50,799,0.30,0.90,80000,69047,22,0.434276,0.140149,0.460183,0.191659,1.084340
10,0.40,100,50,799,0.30,0.90,80000,70037,20,0.423526,0.164295,0.436773,0.246855,1.099051
10,0.40,100,50,799,0.30,0.90,80000,69658,41,0.417264,0.132915,0.435217,0.199218,1.184595
10,0.40,100,50,799,0.40,0.90,80000,71142,50,0.422603,0.173205,0.459764,0.282411,0.930258
10,0.40,100,50,799,0.40,0.90,80000,70902,49,0.439038,0.142041,0.488051,0.219285,0.962533
10,0.40,100,50,799,0.40,0.90,80000,70862,27,0.419793,0.131627,0.440984,0.193366,1.177343
10,0.40,200,100,399,0.05,0.70,80000,67151,58,0.450528,0.182953,0.483250,0.269876,0.774458
10,0.40,200,100,399,0.05,0.70,80000,66706,30,0.432262,0.159266,0.460788,0.236684,1.016893
10,0.40,200,100,399,0.05,0.70,80000,67707,40,0.453894,0.217498,0.475597,0.269270,0.722989
10,0.40,200,100,399,0.10,0.70,80000,67069,17,0.449632,0.136540,0.536059,0.161614,1.002531
10,0.40,200,100,399,0.10,0.70,80000,67867,45,0.439110,0.174476,0.503788,0.255584,0.803382
10,0.40,200,100,399,0.10,0.70,80000,68029,26,0.431021,0.167063,0.468845,0.235027,0.964984
10,0.40,200,100,399,0.20,0.70,80000,69298,36,0.439988,0.139372,0.465791,0.201472,1.037845
10,0.40,200,100,399,0.20,0.70,80000,69786,32,0.431212,0.167281,0.462325,0.253113,0.968900
10,0.40,200,100,399,0.20,0.70,80000,70038,68,0.430571,0.140157,0.467529,0.229250,1.031176
10,0.40,200,100,399,0.30,0.70,80000,69868,41,0.449664,0.131660,0.512194,0.193933,0.992984
10,0.40,200,100,399,0.30,0.70,80000,71075,31,0.419598,0.167844,0.453370,0.214116,1.094571
10,0.40,200,100,399,0.30,0.70,80000,69820,46,0.417756,0.128720,0.440148,0.179003,1.198228
10,0.40,200,100,399,0.40,0.70,80000,71950,53,0.418016,0.113067,0.457245,0.232826,1.112132
10,0.40,200,100,399,0.40,0.70,80000,72736,34,0.436482,0.149969,0.472229,0.221787,0.994617
10,0.40,200,100,399,0.40,0.70,80000,71372,27,0.437752,0.091053,0.473740,0.149505,1.088183
10,0.40,200,100,399,0.05,0.90,80000,67040,28,0.427780,0.221696,0.456706,0.268940,0.809645
10,0.40,200,100,399,0.05,0.90,80000,67888,32,0.446323,0.160607,0.486519,0.256610,0.874602
10,0.40,200,100,399,0.05,0.90,80000,68057,37,0.448736,0.179634,0.473109,0.321456,0.804220
10,0.40,200,100,399,0.10,0.90,80000,68150,40,0.434414,0.194850,0.451390,0.255078,0.912089
10,0.40,200,100,399,0.10,0.90,80000,68248,38,0.430651,0.176517,0.467453,0.229544,0.970415
10,0.40,200,100,399,0.10,0.90,80000,68314,40,0.474602,0.154710,0.501132,0.195254,0.830765
10,0.40,200,100,399,0.20,0.90,80000,72355,26,0.435941,0.143563,0.451309,0.205641,1.081531
10,0.40,200,100,399,0.20,0.90,80000,69325,47,0.432474,0.116432,0.454760,0.203564,1.083491
10,0.40,200,100,399,0.20,0.90,80000,70380,36,0.426367,0.162119,0.442097,0.208127,1.106696
10,0.40,200,100,399,0.30,0.90,80000,71160,55,0.419500,0.206158,0.440215,0.273647,0.918057
10,0.40,200,100,399,0.30,0.90,80000,70311,33,0.435757,0.146226,0.449237,0.249155,1.059944
10,0.40,200,100,399,0.30,0.90,80000,70820,38,0.430692,0.148196,0.472788,0.197617,1.084618
10,0.40,200,100,399,0.40,0.90,80000,71949,42,0.425371,0.166583,0.442015,0.219782,1.082474
10,0.40,200,100,399,0.40,0.90,80000,71556,31,0.451543,0.143889,0.474131,0.201647,0.979345
10,0.40,200,100,399,0.40,0.90,80000,72465,48,0.431444,0.202314,0.454895,0.281279,0.869015
10,0.50,50,25,1599,0.05,0.70,80000,64837,21,0.445887,0.176001,0.472524,0.242659,0.695554
10,0.50,50,25,1599,0.05,0.70,80000,64223,25,0.466234,0.206512,0.491748,0.259542,0.463971
10,0.50,50,25,1599,0.05,0.70,80000,64625,25,0.444323,0.171276,0.498766,0.237636,0.593567
10,0.50,50,25,1599,0.10,0.70,80000,65083,25,0.445026,0.139436,0.468609,0.221286,0.871730
10,0.50,50,25,1599,0.10,0.70,80000,65711,25,0.428961,0.179758,0.462663,0.277028,0.699569
10,0.50,50,25,1599,0.10,0.70,80000,65018,24,0.441241,0.185202,0.472722,0.227829,0.741236
10,0.50,50,25,1599,0.20,0.70,80000,66737,25,0.420116,0.163548,0.434786,0.243338,0.983572
10,0.50,50,25,1599,0.20,0.70,80000,66618,25,0.416370,0.148171,0.434299,0.193604,1.078859
10,0.50,50,25,1599,0.20,0.70,80000,66536,25,0.427507,0.163636,0.465231,0.239385,0.810566
10,0.50,50,25,1599,0.30,0.70,80000,68179,25,0.429177,0.145154,0.447242,0.211519,1.028431
10,0.50,50,25,1599,0.30,0.70,80000,67586,25,0.420869,0.156569,0.458680,0.201747,0.952704
10,0.50,50,25,1599,0.30,0.70,80000,67405,25,0.433459,0.137716,0.454189,0.212781,1.029702
10,0.50,50,25,1599,0.40,0.70,80000,68897,25,0.432217,0.115064,0.448896,0.191867,1.122517
10,0.50,50,25,1599,0.40,0.70,80000,68557,25,0.413145,0.123953,0.434190,0.201924,1.150101
10,0.50,50,25,1599,0.40,0.70,80000,69444,25,0.431480,0.173540,0.451506,0.222773,0.880975
10,0.50,50,25,1599,0.05,0.90,80000,65290,22,0.451712,0.235364,0.480454,0.262229,0.461122
10,0.50,50,25,1599,0.05,0.90,80000,64643,20,0.438388,0.235060,0.448643,0.267965,0.562630
10,0.50,50,25,1599,0.05,0.90,80000,64556,21,0.433612,0.197455,0.444437,0.249924,0.768122
10,0.50,50,25,1599,0.10,0.90,80000,65758,25,0.441669,0.147926,0.471627,0.216987,0.846243
10,0.50,50,25,1599,0.10,0.90,80000,65406,25,0.430660,0.171908,0.461225,0.240090,0.826240
10,0.50,50,25,1599,0.10,0.90,80000,66125,14,0.417970,0.217510,0.437612,0.262311,0.684334
10,0.50,50,25,1599,0.20,0.90,80000,67451,21,0.422683,0.200332,0.432139,0.275153,0.801051
10,0.50,50,25,1599,0.20,0.90,80000,67575,25,0.429706,0.149181,0.454987,0.207767,0.981040
10,0.50,50,25,1599,0.20,0.90,80000,66984,25,0.425356,0.134784,0.439333,0.188880,1.139886
10,0.50,50,25,1599,0.30,0.90,80000,69047,23,0.430863,0.167510,0.462588,0.251679,0.766870
10,0.50,50,25,1599,0.30,0.90,80000,67775,25,0.421191,0.141006,0.441528,0.224457,1.070699
10,0.50,50,25,1599,0.30,0.90,80000,68003,23,0.415472,0.195000,0.431685,0.249613,0.833829
10,0.50,50,25,1599,0.40,0.90,80000,70031,25,0.435306,0.155841,0.456368,0.243107,0.882915
10,0.50,50,25,1599,0.40,0.90,80000,70327,25,0.425662,0.122168,0.448177,0.218397,1.086592
10,0.50,50,25,1599,0.40,0.90,80000,69704,25,0.412374,0.150444,0.445232,0.248980,0.963217
10,0.50,100,50,799,0.05,0.70,80000,65053,33,0.461666,0.223054,0.538901,0.262856,0.313947
10,0.50,100,50,799,0.05,0.70,80000,66086,11,0.436781,0.216393,0.455368,0.259551,0.648795
10,0.50,100,50,799,0.05,0.70,80000,65213,31,0.428439,0.185129,0.463450,0.273971,0.648257
10,0.50,100,50,799,0.10,0.70,80000,66236,12,0.447007,0.201648,0.473279,0.240511,0.629066
10,0.50,100,50,799,0.10,0.70,80000,66102,50,0.431096,0.170037,0.458799,0.260620,0.798355
10,0.50,100,50,799,0.10,0.70,80000,66029,35,0.455655,0.171639,0.517243,0.218336,0.583501
10,0.50,100,50,799,0.20,0.70,80000,67201,30,0.426922,0.173145,0.444722,0.243369,0.883330
10,0.50,100,50,799,0.20,0.70,80000,66887,47,0.427443,0.135158,0.466534,0.202361,0.967312
10,0.50,100,50,799,0.20,0.70,80000,67285,27,0.445763,0.128708,0.486120,0.174437,0.885765
10,0.50,100,50,799,0.30,0.70,80000,71353,46,0.433095,0.156004,0.458073,0.236614,0.857757
10,0.50,100,50,799,0.30,0.70,80000,69155,36,0.433025,0.157681,0.475361,0.197212,0.906189
10,0.50,100,50,799,0.30,0.70,80000,69620,22,0.441977,0.142331,0.498334,0.199782,0.789283
10,0.50,100,50,799,0.40,0.70,80000,70725,45,0.427500,0.155775,0.444972,0.242258,0.973753
10,0.50,100,50,799,0.40,0.70,80000,69674,45,0.413826,0.173993,0.426196,0.206469,0.953601
10,0.50,100,50,799,0.40,0.70,80000,70031,50,0.431434,0.169244,0.449761,0.233547,0.887722
10,0.50,100,50,799,0.05,0.90,80000,65494,33,0.439052,0.174005,0.489076,0.240845,0.644301
10,0.50,100,50,799,0.05,0.90,80000,65715,33,0.442420,0.179440,0.462463,0.265965,0.712605
10,0.50,100,50,799,0.05,0.90,80000,65905,50,0.440061,0.178686,0.478015,0.240962,0.675651
10,0.50,100,50,799,0.10,0.90,80000,66567,32,0.437582,0.186883,0.453314,0.257426,0.758752
10,0.50,100,50,799,0.10,0.90,80000,67245,27,0.427516,0.193863,0.438704,0.303854,0.812761
10,0.50,100,50,799,0.10,0.90,80000,67036,29,0.432623,0.191064,0.449012,0.258410,0.773952
10,0.50,100,50,799,0.20,0.90,80000,68545,39,0.445412,0.163912,0.461923,0.258492,0.793212
10,0.50,100,50,799,0.20,0.90,80000,67842,28,0.424995,0.147033,0.437563,0.212050,1.061840
10,0.50,100,50,799,0.20,0.90,80000,67268,50,0.424769,0.163410,0.449774,0.232503,0.913610
10,0.50,100,50,799,0.30,0.90,80000,68893,49,0.414215,0.148218,0.426960,0.230675,1.084467
10,0.50,100,50,799,0.30,0.90,80000,68685,30,0.448130,0.161254,0.468042,0.189752,0.852866
10,0.50,100,50,799,0.30,0.90,80000,70219,35,0.442554,0.199393,0.494782,0.264836,0.491620
10,0.50,100,50,799,0.40,0.90,80000,71121,40,0.430309,0.159736,0.445993,0.226567,0.968642
10,0.50,100,50,799,0.40,0.90,80000,69502,39,0.420317,0.157778,0.432916,0.210260,1.030172
10,0.50,100,50,799,0.40,0.90,80000,70494,20,0.431653,0.185792,0.442756,0.261954,0.823132
10,0.50,200,100,399,0.05,0.70,80000,67172,45,0.458388,0.137961,0.527117,0.219469,0.559102
10,0.50,200,100,399,0.05,0.70,80000,67934,21,0.435909,0.216341,0.456014,0.305029,0.569655
10,0.50,200,100,399,0.05,0.70,80000,67954,51,0.449752,0.166761,0.492907,0.234556,0.617987
10,0.50,200,100,399,0.10,0.70,80000,68182,52,0.441493,0.210523,0.476879,0.261680,0.548744
10,0.50,200,100,399,0.10,0.70,80000,67844,41,0.435912,0.186554,0.458386,0.228156,0.788329
10,0.50,200,100,399,0.10,0.70,80000,68995,32,0.444142,0.169956,0.469242,0.236844,0.741194
10,0.50,200,100,399,0.20,0.70,80000,70810,48,0.423360,0.144157,0.437693,0.199944,1.089155
10,0.50,200,100,399,0.20,0.70,80000,69071,60,0.430248,0.157875,0.452232,0.215586,0.947938
10,0.50,200,100,399,0.20,0.70,80000,70272,65,0.431090,0.145596,0.474796,0.226222,0.849057
10,0.50,200,100,399,0.30,0.70,80000,70911,27,0.434144,0.177211,0.463483,0.271215,0.718022
10,0.50,200,100,399,0.30,0.70,80000,70969,56,0.435372,0.151715,0.462556,0.235662,0.867496
10,0.50,200,100,399,0.30,0.70,80000,71628,30,0.432950,0.152859,0.505371,0.190356,0.923584
10,0.50,200,100,399,0.40,0.70,80000,72307,49,0.436907,0.117080,0.465968,0.195998,0.992198
10,0.50,200,100,399,0.40,0.70,80000,71621,54,0.432660,0.129214,0.475025,0.215754,0.875271
10,0.50,200,100,399,0.40,0.70,80000,82562,60,0.430000,0.124227,0.476744,0.209219,0.984400
10,0.50,200,100,399,0.05,0.90,80000,90736,47,0.465388,0.166023,0.497454,0.251994,0.512970
10,0.50,200,100,399,0.05,0.90,80000,90301,31,0.441648,0.158110,0.454092,0.254165,0.865997
10,0.50,200,100,399,0.05,0.90,80000,90778,39,0.470779,0.142750,0.494200,0.208389,0.652632
10,0.50,200,100,399,0.10,0.90,80000,92200,47,0.457171,0.161847,0.485387,0.224669,0.683819
10,0.50,200,100,399,0.10,0.90,80000,92447,33,0.435343,0.176289,0.488520,0.243284,0.677300
10,0.50,200,100,399,0.10,0.90,80000,92838,52,0.437684,0.178119,0.467508,0.262444,0.653218
10,0.50,200,100,399,0.20,0.90,80000,93569,51,0.446463,0.105723,0.494899,0.183362,0.867677
10,0.50,200,100,399,0.20,0.90,80000,93148,51,0.442688,0.171339,0.481332,0.216788,0.756663
10,0.50,200,100,399,0.20,0.90,80000,94905,42,0.441670,0.132802,0.487930,0.212252,0.851627
10,0.50,200,100,399,0.30,0.90,80000,95237,37,0.429741,0.163155,0.468418,0.239743,0.755458
10,0.50,200,100,399,0.30,0.90,80000,95110,41,0.423969,0.178458,0.440951,0.241603,0.882754
10,0.50,200,100,399,0.30,0.90,80000,95802,31,0.449395,0.140973,0.503427,0.203502,0.752091
10,0.50,200,100,399,0.40,0.90,80000,95753,39,0.425648,0.185500,0.440045,0.285730,0.801218
10,0.50,200,100,399,0.40,0.90,80000,96520,51,0.416982,0.144385,0.431322,0.201628,1.101817
10,0.50,200,100,399,0.40,0.90,80000,97627,63,0.432503,0.143570,0.459510,0.202489,0.995932
10,0.60,50,25,1599,0.05,0.70,80000,87086,25,0.441150,0.267931,0.483969,0.306762,0.122740
10,0.60,50,25,1599,0.05,0.70,80000,87124,25,0.445435,0.179546,0.488515,0.246574,0.231253
10,0.60,50,25,1599,0.05,0.70,80000,87079,25,0.436532,0.238454,0.465940,0.285686,0.225111
10,0.60,50,25,1599,0.10,0.70,80000,87559,23,0.447358,0.241261,0.475835,0.267019,0.256844
10,0.60,50,25,1599,0.10,0.70,80000,66312,24,0.427768,0.171429,0.446189,0.242227,0.810741
10,0.60,50,25,1599,0.10,0.70,80000,66677,19,0.443576,0.149944,0.453287,0.189197,0.795193
10,0.60,50,25,1599,0.20,0.70,80000,66754,25,0.425358,0.132915,0.458484,0.201809,0.870374
10,0.60,50,25,1599,0.20,0.70,80000,67290,25,0.434107,0.166897,0.449185,0.224275,0.780537
10,0.60,50,25,1599,0.20,0.70,80000,67316,25,0.411808,0.145106,0.446222,0.229996,0.864142
10,0.60,50,25,1599,0.30,0.70,80000,68874,25,0.428798,0.125796,0.458533,0.199631,0.856461
10,0.60,50,25,1599,0.30,0.70,80000,69424,25,0.427780,0.120775,0.460865,0.209196,0.933475
10,0.60,50,25,1599,0.30,0.70,80000,68384,23,0.428394,0.133811,0.455212,0.186027,1.027772
10,0.60,50,25,1599,0.40,0.70,80000,69919,25,0.418075,0.172410,0.443479,0.244922,0.802801
10,0.60,50,25,1599,0.40,0.70,80000,69280,25,0.422821,0.125705,0.442474,0.191400,1.109934
10,0.60,50,25,1599,0.40,0.70,80000,71796,25,0.416379,0.153945,0.444578,0.195977,1.022170
10,0.60,50,25,1599,0.05,0.90,80000,67378,25,0.451708,0.163399,0.488728,0.273727,0.183936
10,0.60,50,25,1599,0.05,0.90,80000,66058,22,0.433428,0.203788,0.458939,0.238049,0.556441
10,0.60,50,25,1599,0.05,0.90,80000,66885,25,0.428744,0.218240,0.467972,0.284645,0.377211
10,0.60,50,25,1599,0.10,0.90,80000,66956,18,0.438565,0.204462,0.459754,0.267683,0.351724
10,0.60,50,25,1599,0.10,0.90,80000,70719,24,0.448062,0.211799,0.475970,0.308968,0.162223
10,0.60,50,25,1599,0.10,0.90,80000,88957,21,0.446932,0.185741,0.462385,0.220117,0.521067
10,0.60,50,25,1599,0.20,0.90,80000,89621,25,0.427749,0.168732,0.485586,0.241380,0.440117
10,0.60,50,25,1599,0.20,0.90,80000,89261,25,0.436283,0.160061,0.480189,0.212948,0.580916
10,0.60,50,25,1599,0.20,0.90,80000,89791,19,0.420714,0.195738,0.448749,0.227511,0.756458
10,0.60,50,25,1599,0.30,0.90,80000,90149,25,0.434516,0.175685,0.452880,0.240954,0.640742
10,0.60,50,25,1599,0.30,0.90,80000,91750,25,0.429516,0.211918,0.442450,0.273480,0.611936
10,0.60,50,25,1599,0.30,0.90,80000,91923,25,0.429876,0.150487,0.471130,0.210205,0.809048
10,0.60,50,25,1599,0.40,0.90,80000,95109,25,0.422652,0.149181,0.445041,0.205832,1.027146
10,0.60,50,25,1599,0.40,0.90,80000,95532,25,0.420161,0.125609,0.443543,0.219784,1.015381
10,0.60,50,25,1599,0.40,0.90,80000,93533,25,0.423751,0.137475,0.441122,0.219598,1.032780
10,0.60,100,50,799,0.05,0.70,80000,89547,25,0.435107,0.188476,0.448427,0.247660,0.654625
10,0.60,100,50,799,0.05,0.70,80000,90100,21,0.445781,0.225631,0.466099,0.275256,0.356407
10,0.60,100,50,799,0.05,0.70,80000,83065,33,0.451227,0.184837,0.466746,0.287645,0.292401
10,0.60,100,50,799,0.10,0.70,80000,69418,27,0.452951,0.173814,0.491605,0.241951,0.276991
10,0.60,100,50,799,0.10,0.70,80000,67618,24,0.430644,0.161815,0.445209,0.231153,0.859967
10,0.60,100,50,799,0.10,0.70,80000,68565,33,0.444320,0.139276,0.501538,0.183551,0.459771
10,0.60,100,50,799,0.20,0.70,80000,69423,50,0.426761,0.154805,0.447051,0.211673,0.943235
10,0.60,100,50,799,0.20,0.70,80000,70226,49,0.428357,0.155178,0.458634,0.259393,0.600953
10,0.60,100,50,799,0.20,0.70,80000,72458,43,0.449634,0.143984,0.504407,0.197291,0.407460
10,0.60,100,50,799,0.30,0.70,80000,76970,33,0.433250,0.146480,0.462227,0.175624,0.923277
10,0.60,100,50,799,0.30,0.70,80000,83556,46,0.409854,0.172165,0.424187,0.232573,1.012670
10,0.60,100,50,799,0.30,0.70,80000,66815,42,0.448290,0.127487,0.461027,0.199418,0.689694
10,0.60,100,50,799,0.40,0.70,80000,67224,50,0.434596,0.187820,0.453099,0.239483,0.625733
10,0.60,100,50,799,0.40,0.70,80000,67654,28,0.416276,0.148206,0.426071,0.227032,1.107082
10,0.60,100,50,799,0.40,0.70,80000,66988,45,0.441160,0.148812,0.471097,0.193345,0.698241
10,0.60,100,50,799,0.05,0.90,80000,63016,42,0.440402,0.234944,0.473496,0.309298,0.173629
10,0.60,100,50,799,0.05,0.90,80000,63559,21,0.467560,0.179784,0.530136,0.258189,0.114906
10,0.60,100,50,799,0.05,0.90,80000,62836,29,0.431403,0.147572,0.464891,0.238036,0.534808
10,0.60,100,50,799,0.10,0.90,80000,63858,26,0.443722,0.171233,0.462731,0.202374,0.624546
10,0.60,100,50,799,0.10,0.90,80000,65761,27,0.434821,0.192769,0.445046,0.234556,0.704932
10,0.60,100,50,799,0.10,0.90,80000,63472,50,0.450883,0.209823,0.484497,0.267486,0.225328
10,0.60,100,50,799,0.20,0.90,80000,64846,43,0.427699,0.199675,0.444135,0.241708,0.725967
10,0.60,100,50,799,0.20,0.90,80000,64659,40,0.415354,0.192935,0.435814,0.232684,0.824627
10,0.60,100,50,799,0.20,0.90,80000,64867,25,0.431007,0.147277,0.440381,0.210774,1.023670
10,0.60,100,50,799,0.30,0.90,80000,66812,36,0.431373,0.126152,0.478780,0.189480,0.833635
10,0.60,100,50,799,0.30,0.90,80000,65866,50,0.430146,0.171092,0.479679,0.257764,0.442557
10,0.60,100,50,799,0.30,0.90,80000,65828,30,0.424862,0.148485,0.453556,0.206737,0.864645
10,0.60,100,50,799,0.40,0.90,80000,68177,50,0.437979,0.137790,0.453226,0.223354,0.823009
10,0.60,100,50,799,0.40,0.90,80000,66628,50,0.428493,0.117989,0.451072,0.212120,0.923599
10,0.60,100,50,799,0.40,0.90,80000,67325,19,0.436194,0.143780,0.452621,0.200225,0.841665
10,0.60,200,100,399,0.05,0.70,80000,64299,23,0.447851,0.208036,0.463569,0.320410,0.229926
10,0.60,200,100,399,0.05,0.70,80000,63945,12,0.435638,0.154345,0.458900,0.230915,0.648180
10,0.60,200,100,399,0.05,0.70,80000,64677,35,0.429356,0.208804,0.482977,0.285419,0.336450
10,0.60,200,100,399,0.10,0.70,80000,64750,17,0.425802,0.236086,0.438385,0.267830,0.565381
10,0.60,200,100,399,0.10,0.70,80000,64656,45,0.455455,0.154402,0.488652,0.231644,0.311826
10,0.60,200,100,399,0.10,0.70,80000,64957,46,0.440599,0.112347,0.462226,0.224235,0.573007
10,0.60,200,100,399,0.20,0.70,80000,66212,72,0.435814,0.167296,0.464861,0.211492,0.676193
10,0.60,200,100,399,0.20,0.70,80000,66108,84,0.420646,0.140303,0.461379,0.261277,0.490505
10,0.60,200,100,399,0.20,0.70,80000,66537,51,0.416310,0.162840,0.427952,0.239938,1.060040
10,0.60,200,100,399,0.30,0.70,80000,69656,45,0.433380,0.132039,0.472939,0.179609,0.849158
10,0.60,200,100,399,0.30,0.70,80000,70040,81,0.448745,0.140395,0.501280,0.192179,0.358072
10,0.60,200,100,399,0.30,0.70,80000,69457,49,0.426791,0.152503,0.443423,0.199034,1.011598
10,0.60,200,100,399,0.40,0.70,80000,70441,46,0.425630,0.142001,0.448837,0.244861,0.742912
10,0.60,200,100,399,0.40,0.70,80000,72806,41,0.422909,0.143210,0.444124,0.203966,1.010995
10,0.60,200,100,399,0.40,0.70,80000,72843,34,0.433212,0.164752,0.459064,0.220444,0.690326
10,0.60,200,100,399,0.05,0.90,80000,66727,24,0.447139,0.231878,0.467363,0.284701,0.288619
10,0.60,200,100,399,0.05,0.90,80000,69430,55,0.438243,0.195648,0.459976,0.273587,0.406197
10,0.60,200,100,399,0.05,0.90,80000,68326,46,0.428895,0.232164,0.447952,0.327669,0.299269
10,0.60,200,100,399,0.10,0.90,80000,68313,23,0.422715,0.150358,0.447856,0.203827,0.904666
10,0.60,200,100,399,0.10,0.90,80000,67791,31,0.442273,0.158713,0.458877,0.252902,0.565960
10,0.60,200,100,399,0.10,0.90,80000,68021,22,0.444219,0.159444,0.505268,0.276365,0.195353
10,0.60,200,100,399,0.20,0.90,80000,70699,74,0.432057,0.170600,0.465799,0.242047,0.553895
10,0.60,200,100,399,0.20,0.90,80000,70675,58,0.438052,0.140789,0.469338,0.224039,0.546568
10,0.60,200,100,399,0.20,0.90,80000,70480,46,0.422652,0.141613,0.437963,0.223935,1.042944
10,0.60,200,100,399,0.30,0.90,80000,70957,73,0.430276,0.157308,0.449899,0.245783,0.741323
10,0.60,200,100,399,0.30,0.90,80000,72208,41,0.432843,0.161769,0.487052,0.259128,0.457649
10,0.60,200,100,399,0.30,0.90,80000,71407,72,0.450677,0.116416,0.495397,0.213833,0.315803
10,0.60,200,100,399,0.40,0.90,80000,72202,39,0.424533,0.184379,0.441030,0.239938,0.856429
10,0.60,200,100,399,0.40,0.90,80000,73433,70,0.434207,0.160243,0.453142,0.215593,0.776030
10,0.60,200,100,399,0.40,0.90,80000,73752,44,0.424257,0.149646,0.460646,0.217492,0.875915
