run_id,run_label,generation,stage,chromosome,f1,f2
20260419_190357_run01,run01,0,gen0_nd,1679|2846|4304|5083|5168,1.166037966072963,0.6622564073091837
20260419_190357_run01,run01,0,gen0_nd,1637|1680|3571|4228|5175,1.2826257583440497,0.5928136180884277
20260419_190357_run01,run01,0,gen0_nd,1236|1698|3046|3626|4519,1.359270591832582,0.5544685290991263
20260419_190357_run01,run01,5,periodic_nd,1462|2715|3632|3926|4308,1.2191505315222133,0.5322777655565794
20260419_190357_run01,run01,5,periodic_nd,1469|1882|2411|3643|4737,1.0180977404429494,0.5338833572911037
20260419_190357_run01,run01,10,periodic_nd,1462|1680|2565|3632|4519,1.071048929970633,0.508577050356815
20260419_190357_run01,run01,10,periodic_nd,1469|1882|2715|3632|5168,1.121550798364399,0.5077621062853428
20260419_190357_run01,run01,10,periodic_nd,1469|1882|2411|3643|4737,1.0180977404429494,0.5338833572911037
20260419_190357_run01,run01,10,periodic_nd,1462|2565|3632|3926|5096,1.0435474555372124,0.5091931466151753
20260419_190357_run01,run01,10,periodic_nd,1236|1469|2411|3643|4737,1.0061307090585925,0.5367221651443337
20260419_190357_run01,run01,10,periodic_nd,1462|1550|1993|3632|4737,1.144189742138294,0.4962388592884552
20260419_190357_run01,run01,10,periodic_nd,1462|1698|3632|3643|4519,1.0211143645728986,0.5172405311678865
20260419_190357_run01,run01,10,periodic_nd,1236|1469|2411|3926|4737,0.973095474425465,0.5726021282473446
20260419_190357_run01,run01,15,periodic_nd,1270|1462|2565|3632|4519,1.0633288183249705,0.45431153823783793
20260419_190357_run01,run01,15,periodic_nd,1469|1882|2565|3632|4519,0.994450896326993,0.4735026223658298
20260419_190357_run01,run01,15,periodic_nd,1462|2565|3056|3926|5096,0.9887698618827968,0.5227339112505803
20260419_190357_run01,run01,15,periodic_nd,1462|2565|3056|3926|4519,0.9626723745294743,0.522738261966897
20260419_190357_run01,run01,15,periodic_nd,1462|2565|2836|3926|4519,0.9460718665535404,0.566648905077281
20260419_190357_run01,run01,15,periodic_nd,1270|1462|2565|3632|4737,1.0852473986530111,0.4538222362341363
20260419_190357_run01,run01,20,periodic_nd,1469|1882|2565|3632|4519,0.994450896326993,0.4735026223658298
20260419_190357_run01,run01,20,periodic_nd,1460|1462|2565|3632|4737,1.1133724346835072,0.4503504941088212
20260419_190357_run01,run01,20,periodic_nd,1462|2565|3056|3926|4737,0.9558530407886618,0.5045589718849839
20260419_190357_run01,run01,20,periodic_nd,1270|1462|2565|3632|4737,1.0852473986530111,0.4538222362341363
20260419_190357_run01,run01,20,periodic_nd,1270|1462|2565|3632|4519,1.0633288183249705,0.45431153823783793
20260419_190357_run01,run01,20,periodic_nd,1462|2565|3632|4222|5096,0.9516532929775317,0.5382814916493052
20260419_190357_run01,run01,20,periodic_nd,1337|1462|2565|3632|4737,1.0485557560048457,0.46991848927527047
20260419_190357_run01,run01,20,periodic_nd,1460|1462|2565|3632|4519,1.0914538543554675,0.45140796947567274
20260419_190357_run01,run01,20,periodic_nd,1462|2565|2836|3926|4519,0.9460718665535404,0.566648905077281
20260419_190357_run01,run01,25,periodic_nd,1270|1462|2565|3632|4519,1.0633288183249705,0.45431153823783793
20260419_190357_run01,run01,25,periodic_nd,1462|2565|2836|3926|4737,0.9392525328127276,0.5481537308646738
20260419_190357_run01,run01,25,periodic_nd,1337|1462|2565|3632|4737,1.0485557560048457,0.46991848927527047
20260419_190357_run01,run01,25,periodic_nd,1460|1462|2565|3632|4519,1.0914538543554675,0.45140796947567274
20260419_190357_run01,run01,25,periodic_nd,1460|1469|2565|3632|4519,0.9929398526935557,0.4720763323028443
20260419_190357_run01,run01,25,periodic_nd,1182|1460|2565|3632|4519,0.9772080518673971,0.4785572636161087
20260419_190357_run01,run01,25,periodic_nd,1270|1462|2565|3632|4737,1.0852473986530111,0.4538222362341363
20260419_190357_run01,run01,25,periodic_nd,1460|1462|2565|3632|4737,1.1133724346835072,0.4503504941088212
20260419_190357_run01,run01,25,periodic_nd,1182|2103|2565|3926|4519,0.9439186895661266,0.5038901489127712
20260419_190357_run01,run01,30,periodic_nd,1182|1460|2565|3632|4519,0.9772080518673971,0.4785572636161087
20260419_190357_run01,run01,30,periodic_nd,1182|2103|2565|3926|4737,0.9370993558253139,0.48250543555503245
20260419_190357_run01,run01,30,periodic_nd,1460|1462|2565|3630|4519,1.1120502805298045,0.4365321900512993
20260419_190357_run01,run01,30,periodic_nd,1182|2105|2565|3926|4737,0.9275672473889132,0.5336586926736427
20260419_190357_run01,run01,30,periodic_nd,827|1460|2565|3632|4519,0.9851593137493282,0.4443856398989144
20260419_190357_run01,run01,30,final_nd,1182|1460|2565|3632|4519,0.9772080518673971,0.4785572636161087
20260419_190357_run01,run01,30,final_nd,1182|2103|2565|3926|4737,0.9370993558253139,0.48250543555503245
20260419_190357_run01,run01,30,final_nd,1460|1462|2565|3630|4519,1.1120502805298045,0.4365321900512993
20260419_190357_run01,run01,30,final_nd,1182|2105|2565|3926|4737,0.9275672473889132,0.5336586926736427
20260419_190357_run01,run01,30,final_nd,827|1460|2565|3632|4519,0.9851593137493282,0.4443856398989144
20260419_190446_run02,run02,0,gen0_nd,746|1978|3506|3921|5022,1.07276004892771,0.8297958443791795
20260419_190446_run02,run02,0,gen0_nd,883|1679|2351|3786|4742,1.146896959531167,0.5147309244462742
20260419_190446_run02,run02,5,periodic_nd,1168|1537|2639|3998|4305,1.100405045933729,0.5827107513225053
20260419_190446_run02,run02,5,periodic_nd,883|1679|2351|3786|4742,1.146896959531167,0.5147309244462742
20260419_190446_run02,run02,5,periodic_nd,1168|1396|2623|3921|4373,1.0753375874716806,0.6680748287781845
20260419_190446_run02,run02,5,periodic_nd,1103|1978|3506|3921|4305,1.0891848781805895,0.607141074135078
20260419_190446_run02,run02,5,periodic_nd,1168|2351|2623|3786|4742,1.0895486822658838,0.5839016076915862
20260419_190446_run02,run02,5,periodic_nd,1168|1268|2844|4305|4729,1.1519617124744976,0.48205164270117584
20260419_190446_run02,run02,5,periodic_nd,746|1978|3506|3921|5022,1.07276004892771,0.8297958443791795
20260419_190446_run02,run02,10,periodic_nd,1243|1268|2844|3786|4729,1.047069322143022,0.44229347407981356
20260419_190446_run02,run02,10,periodic_nd,1243|2351|2623|3786|4742,1.041555761023613,0.48317630287997787
20260419_190446_run02,run02,10,periodic_nd,1103|2705|3051|4577|4742,1.020924611533195,0.5189938392216699
20260419_190446_run02,run02,10,periodic_nd,1168|1268|2623|3786|4305,1.0957019287333323,0.43884010076508834
20260419_190446_run02,run02,10,periodic_nd,1243|2351|2623|3786|4729,1.0014942282053352,0.536545562177841
20260419_190446_run02,run02,15,periodic_nd,1243|2623|2639|3998|4447,0.9569217672696164,0.5179914098646005
20260419_190446_run02,run02,15,periodic_nd,1117|1243|2699|3998|4447,0.9579817396659414,0.4554431949047492
20260419_190446_run02,run02,15,periodic_nd,1117|1168|2623|3786|4447,0.9909026521727684,0.42702070499415795
20260419_190446_run02,run02,15,periodic_nd,1243|1268|2844|3786|4742,1.0871308549612995,0.38615457390970565
20260419_190446_run02,run02,15,periodic_nd,1243|1268|2844|3786|4447,1.0446913558042412,0.3993911755117103
20260419_190446_run02,run02,15,periodic_nd,1243|1268|2623|3786|4447,1.022146699257603,0.41025484816923674
20260419_190446_run02,run02,20,periodic_nd,1243|1268|2844|3786|4742,1.0871308549612995,0.38615457390970565
20260419_190446_run02,run02,20,periodic_nd,1243|1268|2844|3998|4447,1.0065993381629834,0.4232575184549272
20260419_190446_run02,run02,20,periodic_nd,1243|1268|2623|3786|4447,1.022146699257603,0.41025484816923674
20260419_190446_run02,run02,20,periodic_nd,1117|1168|2623|3786|4447,0.9909026521727684,0.42702070499415795
20260419_190446_run02,run02,20,periodic_nd,1243|1268|2844|3786|4447,1.0446913558042412,0.3993911755117103
20260419_190446_run02,run02,20,periodic_nd,1117|1243|2699|3998|4447,0.9579817396659414,0.4554431949047492
20260419_190446_run02,run02,20,periodic_nd,1243|2623|2639|3998|4447,0.9569217672696164,0.5179914098646005
20260419_190446_run02,run02,25,periodic_nd,1117|1168|2699|3998|4447,0.9631823308286289,0.44528168034748317
20260419_190446_run02,run02,25,periodic_nd,1117|1243|2699|3998|4447,0.9579817396659414,0.4554431949047492
20260419_190446_run02,run02,25,periodic_nd,1243|1268|2844|3786|4742,1.0871308549612995,0.38615457390970565
20260419_190446_run02,run02,25,periodic_nd,1117|1243|2699|3786|4447,0.9874883530748345,0.4240037499574468
20260419_190446_run02,run02,25,periodic_nd,1243|1268|2699|3786|4447,1.02854343044659,0.39471531781720026
20260419_190446_run02,run02,25,periodic_nd,1243|2623|2639|3998|4447,0.9569217672696164,0.5179914098646005
20260419_190446_run02,run02,25,periodic_nd,1243|1268|2844|3998|4447,1.0065993381629834,0.4232575184549272
20260419_190446_run02,run02,25,periodic_nd,1243|1268|2623|3786|4447,1.022146699257603,0.41025484816923674
20260419_190446_run02,run02,25,periodic_nd,1117|1243|2699|3711|4447,0.9831842251601658,0.43272633041833614
20260419_190446_run02,run02,25,periodic_nd,1243|1268|2699|3711|4447,1.024239302531922,0.4029963464218403
20260419_190446_run02,run02,30,periodic_nd,1117|1243|2699|3786|4447,0.9874883530748345,0.4240037499574468
20260419_190446_run02,run02,30,periodic_nd,1243|1268|2699|3786|4447,1.02854343044659,0.39471531781720026
20260419_190446_run02,run02,30,periodic_nd,1243|1268|2699|3786|4742,1.0709829296036486,0.38390155082450333
20260419_190446_run02,run02,30,periodic_nd,1243|1268|2623|3786|4447,1.022146699257603,0.41025484816923674
20260419_190446_run02,run02,30,periodic_nd,1117|1168|2699|3786|4447,0.9926889442375219,0.41354865869875507
20260419_190446_run02,run02,30,periodic_nd,1117|1168|2699|3998|4447,0.9631823308286289,0.44528168034748317
20260419_190446_run02,run02,30,periodic_nd,1243|1268|2699|3711|4447,1.024239302531922,0.4029963464218403
20260419_190446_run02,run02,30,periodic_nd,1117|1243|2699|3998|4447,0.9579817396659414,0.4554431949047492
20260419_190446_run02,run02,30,periodic_nd,1117|1168|2699|3711|4447,0.9883848163228536,0.4223820471763003
20260419_190446_run02,run02,30,periodic_nd,1117|1243|2699|3711|4447,0.9831842251601658,0.43272633041833614
20260419_190446_run02,run02,30,periodic_nd,1243|2623|2639|3998|4447,0.9569217672696164,0.5179914098646005
20260419_190446_run02,run02,30,final_nd,1117|1243|2699|3786|4447,0.9874883530748345,0.4240037499574468
20260419_190446_run02,run02,30,final_nd,1243|1268|2699|3786|4447,1.02854343044659,0.39471531781720026
20260419_190446_run02,run02,30,final_nd,1243|1268|2699|3786|4742,1.0709829296036486,0.38390155082450333
20260419_190446_run02,run02,30,final_nd,1243|1268|2623|3786|4447,1.022146699257603,0.41025484816923674
20260419_190446_run02,run02,30,final_nd,1117|1168|2699|3786|4447,0.9926889442375219,0.41354865869875507
20260419_190446_run02,run02,30,final_nd,1117|1168|2699|3998|4447,0.9631823308286289,0.44528168034748317
20260419_190446_run02,run02,30,final_nd,1243|1268|2699|3711|4447,1.024239302531922,0.4029963464218403
20260419_190446_run02,run02,30,final_nd,1117|1243|2699|3998|4447,0.9579817396659414,0.4554431949047492
20260419_190446_run02,run02,30,final_nd,1117|1168|2699|3711|4447,0.9883848163228536,0.4223820471763003
20260419_190446_run02,run02,30,final_nd,1117|1243|2699|3711|4447,0.9831842251601658,0.43272633041833614
20260419_190446_run02,run02,30,final_nd,1243|2623|2639|3998|4447,0.9569217672696164,0.5179914098646005
20260419_190457_run03,run03,0,gen0_nd,536|1826|2135|2983|4585,1.155729884870112,0.8028986064633926
20260419_190457_run03,run03,0,gen0_nd,525|1896|2273|3782|5674,1.2382044832539478,0.6588641769272874
20260419_190457_run03,run03,0,gen0_nd,1751|3205|3788|3996|4876,1.162723666726356,0.7460181063359914
20260419_190457_run03,run03,0,gen0_nd,971|1520|2775|4788|5452,1.3417244269805653,0.5952254518424598
20260419_190457_run03,run03,0,gen0_nd,611|1478|1963|3716|4892,1.3443943445333273,0.5744265452770358
20260419_190457_run03,run03,5,periodic_nd,1457|1768|3629|3716|4950,0.9644396105523253,0.5241368659405027
20260419_190457_run03,run03,5,periodic_nd,536|1457|2780|3629|4585,1.0211480991404445,0.5076892203023551
20260419_190457_run03,run03,5,periodic_nd,536|1457|2135|3629|4585,1.0858817710074993,0.4878053437553632
20260419_190457_run03,run03,10,periodic_nd,536|1457|2780|3629|4585,1.0211480991404445,0.5076892203023551
20260419_190457_run03,run03,10,periodic_nd,881|1478|2046|3353|4950,1.0771054377153266,0.5070261452656735
20260419_190457_run03,run03,10,periodic_nd,525|1457|2135|3629|4585,1.1374391985290973,0.4794320410715657
20260419_190457_run03,run03,10,periodic_nd,1457|1768|3629|3716|4950,0.9644396105523253,0.5241368659405027
20260419_190457_run03,run03,10,periodic_nd,1457|1478|3629|3788|5674,1.1444521975648587,0.43235275837145165
20260419_190457_run03,run03,10,periodic_nd,1457|1768|2780|3629|4876,1.0153646596840233,0.5124619161848769
20260419_190457_run03,run03,10,periodic_nd,536|1457|2135|3629|4585,1.0858817710074993,0.4878053437553632
20260419_190457_run03,run03,15,periodic_nd,1457|1768|3629|3716|4950,0.9644396105523253,0.5241368659405027
20260419_190457_run03,run03,15,periodic_nd,1457|1478|3353|3629|4876,0.972897749373686,0.4253255998616233
20260419_190457_run03,run03,20,periodic_nd,1409|1457|3353|3629|4876,1.0058077430298937,0.41779455523515463
20260419_190457_run03,run03,20,periodic_nd,1409|1457|3629|3788|5674,1.1810987924607874,0.41624046066027937
20260419_190457_run03,run03,20,periodic_nd,1457|1478|3353|3629|4876,0.972897749373686,0.4253255998616233
20260419_190457_run03,run03,20,periodic_nd,1457|1768|3506|3629|4876,0.9617006391249228,0.5192093277532456
20260419_190457_run03,run03,25,periodic_nd,1457|1478|3506|3629|4876,0.9639968651693192,0.4109931466304213
20260419_190457_run03,run03,25,periodic_nd,1457|1768|3506|3629|4876,0.9617006391249228,0.5192093277532456
20260419_190457_run03,run03,30,periodic_nd,1457|1478|3506|3629|4876,0.9639968651693192,0.4109931466304213
20260419_190457_run03,run03,30,periodic_nd,1457|1478|3287|3629|4876,0.947988853381279,0.4131945441554421
20260419_190457_run03,run03,30,final_nd,1457|1478|3506|3629|4876,0.9639968651693192,0.4109931466304213
20260419_190457_run03,run03,30,final_nd,1457|1478|3287|3629|4876,0.947988853381279,0.4131945441554421
20260419_190507_run04,run04,0,gen0_nd,1173|1853|3062|4660|4939,1.1644005242147333,0.4774169988520537
20260419_190507_run04,run04,0,gen0_nd,1680|1960|3281|4143|5166,1.1462215277297871,0.6763718959824704
20260419_190507_run04,run04,5,periodic_nd,1173|2561|3062|4069|4660,1.0205473617707048,0.5170336413879271
20260419_190507_run04,run04,5,periodic_nd,1173|1853|2624|4143|4660,1.0281244178340496,0.47152060287148745
20260419_190507_run04,run04,5,periodic_nd,1173|1853|2624|4649|4660,1.135810379510465,0.466986115229544
20260419_190507_run04,run04,5,periodic_nd,1174|1911|3062|4435|4591,0.9778652647504436,0.5908195906909445
20260419_190507_run04,run04,5,periodic_nd,1173|1853|2624|4579|4660,1.1390307397273463,0.4617754558071119
20260419_190507_run04,run04,10,periodic_nd,1173|2561|2624|4069|4660,0.9540955250010621,0.46932017369414375
20260419_190507_run04,run04,10,periodic_nd,1173|2561|2624|4435|4660,1.0249711321730375,0.44699109971500933
20260419_190507_run04,run04,10,periodic_nd,1173|2561|2624|4143|4660,0.9589781222374311,0.46299472757758436
20260419_190507_run04,run04,10,periodic_nd,1173|2561|2904|4143|4660,0.9460584386232926,0.4994067831532748
20260419_190507_run04,run04,10,periodic_nd,1173|2561|2624|4076|4660,0.99726887468412,0.44959295140200706
20260419_190507_run04,run04,10,periodic_nd,1173|2561|2904|4069|4660,0.9434564379958019,0.5064584451532534
20260419_190507_run04,run04,15,periodic_nd,1173|2561|2624|4591|4715,1.0353951499349516,0.4366134368058798
20260419_190507_run04,run04,15,periodic_nd,1173|2561|2904|4143|4591,0.9322748930232576,0.4844859587006761
20260419_190507_run04,run04,15,periodic_nd,1173|2561|2624|4076|4591,0.9855046203987082,0.439568010310109
20260419_190507_run04,run04,15,periodic_nd,1173|2561|2624|4143|4591,0.945194576637396,0.44787740276563565
20260419_190507_run04,run04,15,periodic_nd,1173|2561|3197|4143|4591,0.942989434265213,0.47261066837717175
20260419_190507_run04,run04,15,periodic_nd,1173|1853|2624|4076|4660,1.0504886636383561,0.4337533793760143
20260419_190507_run04,run04,20,periodic_nd,1173|1853|2624|4076|4591,1.0387244093529444,0.42436353411546635
20260419_190507_run04,run04,20,periodic_nd,1173|2624|2783|4069|4591,0.9278013261823177,0.4819483932466017
20260419_190507_run04,run04,20,periodic_nd,1173|2561|2624|4143|4591,0.945194576637396,0.44787740276563565
20260419_190507_run04,run04,20,periodic_nd,1173|2348|2624|4076|4591,0.9686715087082363,0.43971647509541195
20260419_190507_run04,run04,20,periodic_nd,1173|2624|2783|4143|4591,0.9287208989572707,0.4788546318632556
20260419_190507_run04,run04,20,periodic_nd,1173|2348|2904|4143|4591,0.9422339812638456,0.46936622756159174
20260419_190507_run04,run04,20,periodic_nd,1173|2561|2624|4076|4591,0.9855046203987082,0.439568010310109
20260419_190507_run04,run04,20,periodic_nd,1173|2561|2624|4591|4715,1.0353951499349516,0.4366134368058798
20260419_190507_run04,run04,25,periodic_nd,1173|2279|2624|4143|4591,0.9391758795284374,0.43272742736426073
20260419_190507_run04,run04,25,periodic_nd,1173|2427|2624|4435|4591,1.0112378987784831,0.4186366699093309
20260419_190507_run04,run04,25,periodic_nd,1173|2427|2624|4143|4591,0.9550139851679198,0.41959434586803773
20260419_190507_run04,run04,25,periodic_nd,1173|2348|2624|4143|4591,0.9312734162099667,0.44301976657018094
20260419_190507_run04,run04,25,periodic_nd,1173|2624|2783|4143|4591,0.9287208989572707,0.4788546318632556
20260419_190507_run04,run04,25,periodic_nd,1173|2624|2783|4069|4591,0.9278013261823177,0.4819483932466017
20260419_190507_run04,run04,30,periodic_nd,1173|2279|2624|4143|4591,0.9391758795284374,0.43272742736426073
20260419_190507_run04,run04,30,periodic_nd,1173|2427|2624|4143|4591,0.9550139851679198,0.41959434586803773
20260419_190507_run04,run04,30,periodic_nd,1173|2624|2783|4069|4591,0.9278013261823177,0.4819483932466017
20260419_190507_run04,run04,30,periodic_nd,1173|2624|2783|4143|4591,0.9287208989572707,0.4788546318632556
20260419_190507_run04,run04,30,periodic_nd,1173|2427|2624|4435|4591,1.0112378987784831,0.4186366699093309
20260419_190507_run04,run04,30,periodic_nd,1173|2348|2624|4143|4591,0.9312734162099667,0.44301976657018094
20260419_190507_run04,run04,30,final_nd,1173|2279|2624|4143|4591,0.9391758795284374,0.43272742736426073
20260419_190507_run04,run04,30,final_nd,1173|2427|2624|4143|4591,0.9550139851679198,0.41959434586803773
20260419_190507_run04,run04,30,final_nd,1173|2624|2783|4069|4591,0.9278013261823177,0.4819483932466017
20260419_190507_run04,run04,30,final_nd,1173|2624|2783|4143|4591,0.9287208989572707,0.4788546318632556
20260419_190507_run04,run04,30,final_nd,1173|2427|2624|4435|4591,1.0112378987784831,0.4186366699093309
20260419_190507_run04,run04,30,final_nd,1173|2348|2624|4143|4591,0.9312734162099667,0.44301976657018094
20260419_190522_run05,run05,0,gen0_nd,1347|1390|2710|4578|4583,1.3942982840613882,0.6091771074502005
20260419_190522_run05,run05,0,gen0_nd,1536|2923|3045|4521|5234,1.2051556756596813,0.6733622121710608
20260419_190522_run05,run05,0,gen0_nd,1029|2567|3131|3652|4722,1.220209341630299,0.6376678871004585
20260419_190522_run05,run05,0,gen0_nd,1105|2341|3502|3913|5013,1.1461411009678955,0.6769581355455835
20260419_190522_run05,run05,5,periodic_nd,1345|1390|2918|4354|4803,1.0631750359541117,0.5121535332324819
20260419_190522_run05,run05,5,periodic_nd,1390|2918|3080|4354|4803,1.057968298669058,0.5853728322487702
20260419_190522_run05,run05,5,periodic_nd,1390|2710|2918|3623|4803,1.1280562478265952,0.461631425039636
20260419_190522_run05,run05,10,periodic_nd,1277|1390|2918|3623|4803,1.177735149911052,0.4453358457361344
20260419_190522_run05,run05,10,periodic_nd,1390|2196|2918|4354|4521,0.9994011451053241,0.5698232072454215
20260419_190522_run05,run05,10,periodic_nd,1345|1390|2918|3623|4803,1.150112446743992,0.4492051283827132
20260419_190522_run05,run05,10,periodic_nd,1390|2710|3623|4001|4803,1.04045056398544,0.4811226559634585
20260419_190522_run05,run05,10,periodic_nd,1277|1390|2710|3623|4803,1.208635886051573,0.4011194479606707
20260419_190522_run05,run05,10,periodic_nd,1340|1390|2918|4001|4803,1.0052822717729863,0.5005285085718206
20260419_190522_run05,run05,10,periodic_nd,1347|1390|2710|3623|4803,1.1984294922537957,0.4055790990998739
20260419_190522_run05,run05,10,periodic_nd,1390|2196|2918|4001|4803,0.9898021924920277,0.574183581638135
20260419_190522_run05,run05,10,periodic_nd,1347|1390|2918|3623|4803,1.163754724389347,0.44765331868518976
20260419_190522_run05,run05,10,periodic_nd,1390|2710|2918|3623|4803,1.1280562478265952,0.461631425039636
20260419_190522_run05,run05,10,periodic_nd,1277|1390|2918|4001|4521,1.0719950683551585,0.473607405875422
20260419_190522_run05,run05,15,periodic_nd,1277|1390|2710|3623|4803,1.208635886051573,0.4011194479606707
20260419_190522_run05,run05,15,periodic_nd,1347|1390|2710|3623|4803,1.1984294922537957,0.4055790990998739
20260419_190522_run05,run05,15,periodic_nd,1277|1390|2918|4001|4521,1.0719950683551585,0.473607405875422
20260419_190522_run05,run05,15,periodic_nd,1345|1390|2710|3623|4803,1.186283636810242,0.40747430043132254
20260419_190522_run05,run05,15,periodic_nd,1340|1390|2710|3623|4803,1.1477892288855365,0.41139520859127787
20260419_190522_run05,run05,15,periodic_nd,1390|2710|3053|4001|4803,0.9672686480173475,0.5372327165370336
20260419_190522_run05,run05,15,periodic_nd,1345|1390|2496|3623|4803,1.2596281770957602,0.399393043769511
20260419_190522_run05,run05,15,periodic_nd,1340|1390|2918|4001|4521,1.005759895828953,0.4802043257989113
20260419_190522_run05,run05,15,periodic_nd,1390|2496|3420|3623|4803,1.0973548524163652,0.44719782185158835
20260419_190522_run05,run05,15,periodic_nd,1390|2496|2918|3420|4803,1.09129451867884,0.4710851395039619
20260419_190522_run05,run05,15,periodic_nd,1340|1390|2918|4001|4803,1.0052822717729863,0.5005285085718206
20260419_190522_run05,run05,15,periodic_nd,1345|1390|2918|4001|4521,1.0443723651880996,0.47555608675336536
20260419_190522_run05,run05,20,periodic_nd,1390|2496|3623|4001|4521,1.062900846363217,0.4471643467671909
20260419_190522_run05,run05,20,periodic_nd,1277|1390|2710|3623|4803,1.208635886051573,0.4011194479606707
20260419_190522_run05,run05,20,periodic_nd,1345|1390|2710|3623|4803,1.186283636810242,0.40747430043132254
20260419_190522_run05,run05,20,periodic_nd,1345|1390|2496|3623|4803,1.2596281770957602,0.399393043769511
20260419_190522_run05,run05,20,periodic_nd,1347|1390|2496|3623|4803,1.270450233094761,0.396889260910868
20260419_190522_run05,run05,20,periodic_nd,1277|1390|2710|3624|4803,1.1981343224535348,0.4017276767836784
20260419_190522_run05,run05,20,periodic_nd,388|1390|2710|3623|4803,1.146282908822605,0.424255461120662
20260419_190522_run05,run05,20,periodic_nd,1340|1390|2918|4001|4521,1.005759895828953,0.4802043257989113
20260419_190522_run05,run05,20,periodic_nd,1340|1390|2918|4001|4803,1.0052822717729863,0.5005285085718206
20260419_190522_run05,run05,20,periodic_nd,1340|1390|2710|3623|4803,1.1477892288855365,0.41139520859127787
20260419_190522_run05,run05,20,periodic_nd,1390|2710|3053|4001|4803,0.9672686480173475,0.5372327165370336
20260419_190522_run05,run05,20,periodic_nd,1277|1390|2496|3623|4803,1.2783059528395506,0.3925820484356818
20260419_190522_run05,run05,20,periodic_nd,1390|2710|3068|3623|4803,1.1460868025949402,0.44375463980319707
20260419_190522_run05,run05,20,periodic_nd,1345|1390|2918|4001|4521,1.0443723651880996,0.47555608675336536
20260419_190522_run05,run05,20,periodic_nd,1390|2708|3623|4657|4803,1.1467930194005687,0.42221827886005653
20260419_190522_run05,run05,25,periodic_nd,1340|1390|2710|3623|4803,1.1477892288855365,0.41139520859127787
20260419_190522_run05,run05,25,periodic_nd,1277|1390|2496|3623|4803,1.2783059528395506,0.3925820484356818
20260419_190522_run05,run05,25,periodic_nd,1390|2710|3623|4001|4521,1.0425823925573385,0.468820714112718
20260419_190522_run05,run05,25,periodic_nd,1390|2710|3053|4001|4521,0.9694004765892459,0.5223355841201643
20260419_190522_run05,run05,25,periodic_nd,1390|2496|3053|4001|4521,0.971686071840227,0.4989162504797923
20260419_190522_run05,run05,25,periodic_nd,1277|1390|2496|3624|4803,1.265852873328423,0.39291104776757385
20260419_190522_run05,run05,25,periodic_nd,1390|2496|3068|3623|4803,1.1285088243243988,0.4446623819518021
20260419_190522_run05,run05,25,periodic_nd,1390|2496|3623|4657|4803,1.2192228895040034,0.3975427848690325
20260419_190522_run05,run05,25,periodic_nd,1277|1390|2710|3623|4803,1.208635886051573,0.4011194479606707
20260419_190522_run05,run05,25,periodic_nd,1390|2496|3623|3624|4803,1.282084300899792,0.3871907083667629
20260419_190522_run05,run05,25,periodic_nd,1390|2710|3053|4001|4803,0.9672686480173475,0.5372327165370336
20260419_190522_run05,run05,25,periodic_nd,1345|1390|2710|3623|4803,1.186283636810242,0.40747430043132254
20260419_190522_run05,run05,25,periodic_nd,1347|1390|2496|3624|4803,1.257997153583633,0.397168109575377
20260419_190522_run05,run05,25,periodic_nd,1340|1390|2710|3624|4803,1.1372876652874988,0.4114792913607684
20260419_190522_run05,run05,25,periodic_nd,1390|2496|3623|4001|4521,1.062900846363217,0.4471643467671909
20260419_190522_run05,run05,25,periodic_nd,1345|1390|2710|3624|4803,1.1757820732122042,0.4079213982871863
20260419_190522_run05,run05,25,periodic_nd,1390|2496|3053|4001|4803,0.9704123237668753,0.5156495675163714
20260419_190522_run05,run05,25,periodic_nd,1390|2496|3624|4001|4521,1.0610645849848301,0.4514832671277182
20260419_190522_run05,run05,25,periodic_nd,1390|2710|3624|4001|4521,1.0409890297051414,0.47284232773671603
20260419_190522_run05,run05,25,periodic_nd,1345|1390|3068|3623|4803,1.1307460663413689,0.42809173660336036
20260419_190522_run05,run05,25,periodic_nd,1390|2496|3624|4217|4521,1.0559473942920594,0.45851357018559746
20260419_190522_run05,run05,25,periodic_nd,1390|2496|3624|4657|4803,1.2094088833800034,0.40024718166465373
20260419_190522_run05,run05,25,periodic_nd,1277|1390|2710|3624|4803,1.1981343224535348,0.4017276767836784
20260419_190522_run05,run05,25,periodic_nd,1340|1390|2918|4001|4521,1.005759895828953,0.4802043257989113
20260419_190522_run05,run05,30,periodic_nd,1347|1390|2496|3624|4803,1.257997153583633,0.397168109575377
20260419_190522_run05,run05,30,periodic_nd,1345|1390|3068|3624|4803,1.1230578754980318,0.4283860741902366
20260419_190522_run05,run05,30,periodic_nd,1345|1390|2710|3623|4803,1.186283636810242,0.40747430043132254
20260419_190522_run05,run05,30,periodic_nd,1390|2496|3623|3624|4803,1.282084300899792,0.3871907083667629
20260419_190522_run05,run05,30,periodic_nd,1345|1390|2710|3624|4803,1.1757820732122042,0.4079213982871863
20260419_190522_run05,run05,30,periodic_nd,1390|2496|3624|4657|4803,1.2094088833800034,0.40024718166465373
20260419_190522_run05,run05,30,periodic_nd,1390|2496|3053|4001|4521,0.971686071840227,0.4989162504797923
20260419_190522_run05,run05,30,periodic_nd,1390|2496|3624|4001|4521,1.0610645849848301,0.4514832671277182
20260419_190522_run05,run05,30,periodic_nd,1390|2496|3624|4217|4521,1.0559473942920594,0.45851357018559746
20260419_190522_run05,run05,30,periodic_nd,1277|1390|2710|3623|4803,1.208635886051573,0.4011194479606707
20260419_190522_run05,run05,30,periodic_nd,1347|1390|2710|3624|4803,1.1879279286557576,0.40612501561549325
20260419_190522_run05,run05,30,periodic_nd,1390|2710|3053|4001|4521,0.9694004765892459,0.5223355841201643
20260419_190522_run05,run05,30,periodic_nd,1390|2496|3623|4217|4521,1.0584372425192028,0.45380980344509164
20260419_190522_run05,run05,30,periodic_nd,1390|2496|3623|4001|4521,1.062900846363217,0.4471643467671909
20260419_190522_run05,run05,30,periodic_nd,1390|2710|3053|4217|4521,0.952123327584235,0.5289915647941944
20260419_190522_run05,run05,30,periodic_nd,1390|2496|3053|4001|4803,0.9704123237668753,0.5156495675163714
20260419_190522_run05,run05,30,periodic_nd,1390|2496|3623|4217|4668,1.0638631550996203,0.4360698007724363
20260419_190522_run05,run05,30,periodic_nd,1277|1390|2496|3623|4803,1.2783059528395506,0.3925820484356818
20260419_190522_run05,run05,30,periodic_nd,1340|1390|2710|3623|4803,1.1477892288855365,0.41139520859127787
20260419_190522_run05,run05,30,periodic_nd,1390|2710|3624|4001|4521,1.0409890297051414,0.47284232773671603
20260419_190522_run05,run05,30,periodic_nd,1340|1390|2710|3624|4803,1.1372876652874988,0.4114792913607684
20260419_190522_run05,run05,30,periodic_nd,1390|2710|3623|4001|4521,1.0425823925573385,0.468820714112718
20260419_190522_run05,run05,30,periodic_nd,1277|1390|2710|3624|4803,1.1981343224535348,0.4017276767836784
20260419_190522_run05,run05,30,periodic_nd,1390|2496|3623|4657|4803,1.2192228895040034,0.3975427848690325
20260419_190522_run05,run05,30,periodic_nd,1277|1390|2496|3624|4803,1.265852873328423,0.39291104776757385
20260419_190522_run05,run05,30,periodic_nd,1340|1390|2918|4001|4521,1.005759895828953,0.4802043257989113
20260419_190522_run05,run05,30,periodic_nd,1345|1390|3068|3623|4803,1.1307460663413689,0.42809173660336036
20260419_190522_run05,run05,30,periodic_nd,1390|2710|3623|4217|4521,1.028904414357055,0.4766890233918239
20260419_190522_run05,run05,30,final_nd,1347|1390|2496|3624|4803,1.257997153583633,0.397168109575377
20260419_190522_run05,run05,30,final_nd,1345|1390|3068|3624|4803,1.1230578754980318,0.4283860741902366
20260419_190522_run05,run05,30,final_nd,1345|1390|2710|3623|4803,1.186283636810242,0.40747430043132254
20260419_190522_run05,run05,30,final_nd,1390|2496|3623|3624|4803,1.282084300899792,0.3871907083667629
20260419_190522_run05,run05,30,final_nd,1345|1390|2710|3624|4803,1.1757820732122042,0.4079213982871863
20260419_190522_run05,run05,30,final_nd,1390|2496|3624|4657|4803,1.2094088833800034,0.40024718166465373
20260419_190522_run05,run05,30,final_nd,1390|2496|3053|4001|4521,0.971686071840227,0.4989162504797923
20260419_190522_run05,run05,30,final_nd,1390|2496|3624|4001|4521,1.0610645849848301,0.4514832671277182
20260419_190522_run05,run05,30,final_nd,1390|2496|3624|4217|4521,1.0559473942920594,0.45851357018559746
20260419_190522_run05,run05,30,final_nd,1277|1390|2710|3623|4803,1.208635886051573,0.4011194479606707
20260419_190522_run05,run05,30,final_nd,1347|1390|2710|3624|4803,1.1879279286557576,0.40612501561549325
20260419_190522_run05,run05,30,final_nd,1390|2710|3053|4001|4521,0.9694004765892459,0.5223355841201643
20260419_190522_run05,run05,30,final_nd,1390|2496|3623|4217|4521,1.0584372425192028,0.45380980344509164
20260419_190522_run05,run05,30,final_nd,1390|2496|3623|4001|4521,1.062900846363217,0.4471643467671909
20260419_190522_run05,run05,30,final_nd,1390|2710|3053|4217|4521,0.952123327584235,0.5289915647941944
20260419_190522_run05,run05,30,final_nd,1390|2496|3053|4001|4803,0.9704123237668753,0.5156495675163714
20260419_190522_run05,run05,30,final_nd,1390|2496|3623|4217|4668,1.0638631550996203,0.4360698007724363
20260419_190522_run05,run05,30,final_nd,1277|1390|2496|3623|4803,1.2783059528395506,0.3925820484356818
20260419_190522_run05,run05,30,final_nd,1340|1390|2710|3623|4803,1.1477892288855365,0.41139520859127787
20260419_190522_run05,run05,30,final_nd,1390|2710|3624|4001|4521,1.0409890297051414,0.47284232773671603
20260419_190522_run05,run05,30,final_nd,1340|1390|2710|3624|4803,1.1372876652874988,0.4114792913607684
20260419_190522_run05,run05,30,final_nd,1390|2710|3623|4001|4521,1.0425823925573385,0.468820714112718
20260419_190522_run05,run05,30,final_nd,1277|1390|2710|3624|4803,1.1981343224535348,0.4017276767836784
20260419_190522_run05,run05,30,final_nd,1390|2496|3623|4657|4803,1.2192228895040034,0.3975427848690325
20260419_190522_run05,run05,30,final_nd,1277|1390|2496|3624|4803,1.265852873328423,0.39291104776757385
20260419_190522_run05,run05,30,final_nd,1340|1390|2918|4001|4521,1.005759895828953,0.4802043257989113
20260419_190522_run05,run05,30,final_nd,1345|1390|3068|3623|4803,1.1307460663413689,0.42809173660336036
20260419_190522_run05,run05,30,final_nd,1390|2710|3623|4217|4521,1.028904414357055,0.4766890233918239
20260419_190531_run06,run06,0,gen0_nd,880|2556|3141|4443|5300,1.267312967058449,0.5697637708052427
20260419_190531_run06,run06,0,gen0_nd,1031|3131|3286|4363|4512,1.2570566063991988,0.6532341200501437
20260419_190531_run06,run06,5,periodic_nd,1327|1413|1956|3497|4443,1.1405271754131157,0.5281328958432802
20260419_190531_run06,run06,5,periodic_nd,880|2556|4443|5154|5300,1.3971903183842695,0.4939916763237606
20260419_190531_run06,run06,5,periodic_nd,1252|1956|2634|3497|5096,1.0465050592752798,0.5307808563276207
20260419_190531_run06,run06,5,periodic_nd,1327|1956|2487|3497|5096,1.0406846573580497,0.5405786616970503
20260419_190531_run06,run06,5,periodic_nd,880|2556|3987|4443|5300,1.2193171920380297,0.5239204509949635
20260419_190531_run06,run06,5,periodic_nd,1413|1598|1956|3497|4728,1.2885885269782051,0.5186155824283828
20260419_190531_run06,run06,5,periodic_nd,1327|1956|3497|5096|5174,1.217975250681847,0.5243792924096354
20260419_190531_run06,run06,5,periodic_nd,880|2556|2698|4443|5154,1.3390624656717018,0.5025181055213546
20260419_190531_run06,run06,10,periodic_nd,1327|1956|2634|3783|5096,0.9858916931263304,0.5130990687950371
20260419_190531_run06,run06,10,periodic_nd,1466|1956|2634|3783|5096,0.9963403904065897,0.5125428490323497
20260419_190531_run06,run06,10,periodic_nd,880|1413|2556|3497|4443,1.1501274344310293,0.47537157084787557
20260419_190531_run06,run06,10,periodic_nd,880|1413|2556|3497|5096,1.1600808969835206,0.46140740812116227
20260419_190531_run06,run06,10,periodic_nd,1327|1598|2487|3638|4442,0.9742719301850449,0.5971473195581508
20260419_190531_run06,run06,10,periodic_nd,880|1413|2556|3987|4443,1.1761439921361436,0.45240786168030134
20260419_190531_run06,run06,15,periodic_nd,1252|1956|2487|3638|5096,0.9849320824445202,0.5179857765977637
20260419_190531_run06,run06,15,periodic_nd,880|1413|2556|3497|5096,1.1600808969835206,0.46140740812116227
20260419_190531_run06,run06,15,periodic_nd,1466|1956|2634|3783|5096,0.9963403904065897,0.5125428490323497
20260419_190531_run06,run06,15,periodic_nd,880|1413|2556|3987|4443,1.1761439921361436,0.45240786168030134
20260419_190531_run06,run06,15,periodic_nd,880|1466|2634|3987|4443,1.080384011639697,0.5031507421137773
20260419_190531_run06,run06,15,periodic_nd,880|1413|2556|3497|4443,1.1501274344310293,0.47537157084787557
20260419_190531_run06,run06,15,periodic_nd,1327|1598|2487|3638|4443,0.9620010104520123,0.579844551804693
20260419_190531_run06,run06,15,periodic_nd,1327|1956|2487|3783|5096,0.9792556588719373,0.5236648147370643
20260419_190531_run06,run06,15,periodic_nd,880|1405|2556|3497|5096,1.1048646218051175,0.49511586800379714
20260419_190531_run06,run06,15,periodic_nd,1327|1956|2634|3783|5096,0.9858916931263304,0.5130990687950371
20260419_190531_run06,run06,20,periodic_nd,880|1413|2556|3497|4443,1.1501274344310293,0.47537157084787557
20260419_190531_run06,run06,20,periodic_nd,880|1413|2556|3497|5096,1.1600808969835206,0.46140740812116227
20260419_190531_run06,run06,20,periodic_nd,880|1413|2556|3987|4443,1.1761439921361436,0.45240786168030134
20260419_190531_run06,run06,20,periodic_nd,880|1269|2556|3277|4443,1.1759081911040323,0.46029009856375713
20260419_190531_run06,run06,20,periodic_nd,880|1466|2634|3987|4443,1.080384011639697,0.5031507421137773
20260419_190531_run06,run06,20,periodic_nd,880|1405|2556|3497|5096,1.1048646218051175,0.49511586800379714
20260419_190531_run06,run06,20,periodic_nd,1252|1956|2487|3783|5096,0.9580945052352697,0.5118496438319707
20260419_190531_run06,run06,20,periodic_nd,880|1413|2556|3638|4443,1.1211767537820205,0.4794645867117691
20260419_190531_run06,run06,25,periodic_nd,880|1269|2556|3638|4443,1.1229633799037104,0.46268089348487246
20260419_190531_run06,run06,25,periodic_nd,1252|1956|2487|3783|5096,0.9580945052352697,0.5118496438319707
20260419_190531_run06,run06,25,periodic_nd,1252|1956|2634|3783|5096,0.9716352559071216,0.5016369722584056
20260419_190531_run06,run06,25,periodic_nd,880|1269|2556|3277|4443,1.1759081911040323,0.46029009856375713
20260419_190531_run06,run06,25,periodic_nd,880|1413|2556|3497|5096,1.1600808969835206,0.46140740812116227
20260419_190531_run06,run06,25,periodic_nd,880|1413|2556|3783|5096,1.1074375273058594,0.4698418634171317
20260419_190531_run06,run06,25,periodic_nd,1252|1956|2487|3858|5096,0.9503004315023,0.5128462334395179
20260419_190531_run06,run06,25,periodic_nd,880|1405|2556|3497|5096,1.1048646218051175,0.49511586800379714
20260419_190531_run06,run06,25,periodic_nd,880|1269|3128|4442|4443,1.3477869235291646,0.4510795525138285
20260419_190531_run06,run06,25,periodic_nd,880|1413|2556|3987|4443,1.1761439921361436,0.45240786168030134
20260419_190531_run06,run06,30,periodic_nd,880|1413|2556|3987|4443,1.1761439921361436,0.45240786168030134
20260419_190531_run06,run06,30,periodic_nd,880|1269|2556|3987|4443,1.1779306182578335,0.43549159924379477
20260419_190531_run06,run06,30,periodic_nd,880|1405|2556|3497|5096,1.1048646218051175,0.49511586800379714
20260419_190531_run06,run06,30,periodic_nd,880|1269|2556|3783|4443,1.1174742266788071,0.46716679014282525
20260419_190531_run06,run06,30,periodic_nd,1252|1956|2487|3858|5096,0.9503004315023,0.5128462334395179
20260419_190531_run06,run06,30,periodic_nd,880|1269|2556|3638|4443,1.1229633799037104,0.46268089348487246
20260419_190531_run06,run06,30,periodic_nd,1252|1956|2634|3783|5096,0.9716352559071216,0.5016369722584056
20260419_190531_run06,run06,30,periodic_nd,880|1269|2556|3768|4443,1.2087870446738858,0.41754676175780614
20260419_190531_run06,run06,30,periodic_nd,880|1413|2556|3783|5096,1.1074375273058594,0.4698418634171317
20260419_190531_run06,run06,30,periodic_nd,1252|1956|2487|3783|5096,0.9580945052352697,0.5118496438319707
20260419_190531_run06,run06,30,periodic_nd,1252|1598|2487|3858|5096,0.9408794400007888,0.5668483579818864
20260419_190531_run06,run06,30,periodic_nd,880|1413|2556|3497|5096,1.1600808969835206,0.46140740812116227
20260419_190531_run06,run06,30,periodic_nd,880|1269|2556|3277|4443,1.1759081911040323,0.46029009856375713
20260419_190531_run06,run06,30,final_nd,880|1413|2556|3987|4443,1.1761439921361436,0.45240786168030134
20260419_190531_run06,run06,30,final_nd,880|1269|2556|3987|4443,1.1779306182578335,0.43549159924379477
20260419_190531_run06,run06,30,final_nd,880|1405|2556|3497|5096,1.1048646218051175,0.49511586800379714
20260419_190531_run06,run06,30,final_nd,880|1269|2556|3783|4443,1.1174742266788071,0.46716679014282525
20260419_190531_run06,run06,30,final_nd,1252|1956|2487|3858|5096,0.9503004315023,0.5128462334395179
20260419_190531_run06,run06,30,final_nd,880|1269|2556|3638|4443,1.1229633799037104,0.46268089348487246
20260419_190531_run06,run06,30,final_nd,1252|1956|2634|3783|5096,0.9716352559071216,0.5016369722584056
20260419_190531_run06,run06,30,final_nd,880|1269|2556|3768|4443,1.2087870446738858,0.41754676175780614
20260419_190531_run06,run06,30,final_nd,880|1413|2556|3783|5096,1.1074375273058594,0.4698418634171317
20260419_190531_run06,run06,30,final_nd,1252|1956|2487|3783|5096,0.9580945052352697,0.5118496438319707
20260419_190531_run06,run06,30,final_nd,1252|1598|2487|3858|5096,0.9408794400007888,0.5668483579818864
20260419_190531_run06,run06,30,final_nd,880|1413|2556|3497|5096,1.1600808969835206,0.46140740812116227
20260419_190531_run06,run06,30,final_nd,880|1269|2556|3277|4443,1.1759081911040323,0.46029009856375713
20260419_190541_run07,run07,0,gen0_nd,1406|1663|3338|3367|5096,1.300278992676894,0.5335506652506325
20260419_190541_run07,run07,0,gen0_nd,241|1827|3207|4571|4885,1.1609736953228829,0.748716778043157
20260419_190541_run07,run07,5,periodic_nd,1406|1461|2497|3334|4372,1.2016456463926033,0.4659239946029893
20260419_190541_run07,run07,5,periodic_nd,1461|2353|3334|4367|5304,1.206334631404855,0.464488396048433
20260419_190541_run07,run07,5,periodic_nd,1334|1532|3207|4571|4738,0.9595399748781521,0.47799632362164335
20260419_190541_run07,run07,10,periodic_nd,1461|2353|3334|4298|4372,1.295937340622197,0.45778255748720287
20260419_190541_run07,run07,10,periodic_nd,1334|1461|3207|3786|4738,1.0197227898865988,0.4746872012361578
20260419_190541_run07,run07,10,periodic_nd,1334|1532|3207|4571|4738,0.9595399748781521,0.47799632362164335
20260419_190541_run07,run07,10,periodic_nd,1334|1532|2497|3334|4372,1.1916961780985131,0.45841550918395646
20260419_190541_run07,run07,15,periodic_nd,1334|1532|3207|3786|4738,1.0065244359647372,0.45799825665887967
20260419_190541_run07,run07,15,periodic_nd,1334|1532|3207|4571|4738,0.9595399748781521,0.47799632362164335
20260419_190541_run07,run07,15,periodic_nd,1406|1532|3207|4716|4738,0.9658449102371012,0.47487011558250136
20260419_190541_run07,run07,15,periodic_nd,1406|1532|3207|3786|4738,1.0052168636462189,0.4623336184261632
20260419_190541_run07,run07,15,periodic_nd,1334|1532|3334|3786|4738,1.0590303812910997,0.42358718042198495
20260419_190541_run07,run07,15,periodic_nd,1406|1532|3334|3786|4738,1.0522370323037378,0.4237802036533748
20260419_190541_run07,run07,15,periodic_nd,1334|1532|3207|4716|4738,0.9671524825556193,0.47043721448469544
20260419_190541_run07,run07,20,periodic_nd,1406|1532|3334|3786|4738,1.0522370323037378,0.4237802036533748
20260419_190541_run07,run07,20,periodic_nd,1406|1532|3204|3786|4738,0.9854807688629457,0.4498065957817465
20260419_190541_run07,run07,20,periodic_nd,1334|1532|3334|3786|4738,1.0590303812910997,0.42358718042198495
20260419_190541_run07,run07,20,periodic_nd,1334|1532|3207|4571|4738,0.9595399748781521,0.47799632362164335
20260419_190541_run07,run07,20,periodic_nd,1406|1532|3207|4571|4738,0.9582324025596342,0.482413966103706
20260419_190541_run07,run07,20,periodic_nd,1334|1532|3207|4716|4738,0.9671524825556193,0.47043721448469544
20260419_190541_run07,run07,20,periodic_nd,1406|1532|3207|4716|4738,0.9658449102371012,0.47487011558250136
20260419_190541_run07,run07,25,periodic_nd,1406|1532|3207|4571|4738,0.9582324025596342,0.482413966103706
20260419_190541_run07,run07,25,periodic_nd,1334|1532|3207|4716|4738,0.9671524825556193,0.47043721448469544
20260419_190541_run07,run07,25,periodic_nd,1406|1532|3207|4716|4738,0.9658449102371012,0.47487011558250136
20260419_190541_run07,run07,25,periodic_nd,1334|1532|3204|3786|4738,0.9873323801998546,0.4456096900233198
20260419_190541_run07,run07,25,periodic_nd,1334|1532|2497|3705|4738,1.046610571102635,0.43937827634631466
20260419_190541_run07,run07,25,periodic_nd,1334|1532|3207|4571|4738,0.9595399748781521,0.47799632362164335
20260419_190541_run07,run07,25,periodic_nd,1406|1532|3204|3786|4738,0.9854807688629457,0.4498065957817465
20260419_190541_run07,run07,25,periodic_nd,1334|1532|3334|3786|4738,1.0590303812910997,0.42358718042198495
20260419_190541_run07,run07,25,periodic_nd,1406|1532|3334|3786|4738,1.0522370323037378,0.4237802036533748
20260419_190541_run07,run07,30,periodic_nd,1406|1532|3334|3786|4738,1.0522370323037378,0.4237802036533748
20260419_190541_run07,run07,30,periodic_nd,1334|1532|3334|3786|4738,1.0590303812910997,0.42358718042198495
20260419_190541_run07,run07,30,periodic_nd,1406|1532|3207|4571|4738,0.9582324025596342,0.482413966103706
20260419_190541_run07,run07,30,periodic_nd,1406|1532|3207|4716|4738,0.9658449102371012,0.47487011558250136
20260419_190541_run07,run07,30,periodic_nd,1406|1532|3204|3786|4738,0.9854807688629457,0.4498065957817465
20260419_190541_run07,run07,30,periodic_nd,1334|1532|3207|4571|4738,0.9595399748781521,0.47799632362164335
20260419_190541_run07,run07,30,periodic_nd,1406|1532|3204|4367|4738,0.9571703973420278,0.4950872482730826
20260419_190541_run07,run07,30,periodic_nd,1334|1532|3204|3786|4738,0.9873323801998546,0.4456096900233198
20260419_190541_run07,run07,30,periodic_nd,1334|1532|2497|3705|4738,1.046610571102635,0.43937827634631466
20260419_190541_run07,run07,30,periodic_nd,1334|1532|3207|4716|4738,0.9671524825556193,0.47043721448469544
20260419_190541_run07,run07,30,final_nd,1406|1532|3334|3786|4738,1.0522370323037378,0.4237802036533748
20260419_190541_run07,run07,30,final_nd,1334|1532|3334|3786|4738,1.0590303812910997,0.42358718042198495
20260419_190541_run07,run07,30,final_nd,1406|1532|3207|4571|4738,0.9582324025596342,0.482413966103706
20260419_190541_run07,run07,30,final_nd,1406|1532|3207|4716|4738,0.9658449102371012,0.47487011558250136
20260419_190541_run07,run07,30,final_nd,1406|1532|3204|3786|4738,0.9854807688629457,0.4498065957817465
20260419_190541_run07,run07,30,final_nd,1334|1532|3207|4571|4738,0.9595399748781521,0.47799632362164335
20260419_190541_run07,run07,30,final_nd,1406|1532|3204|4367|4738,0.9571703973420278,0.4950872482730826
20260419_190541_run07,run07,30,final_nd,1334|1532|3204|3786|4738,0.9873323801998546,0.4456096900233198
20260419_190541_run07,run07,30,final_nd,1334|1532|2497|3705|4738,1.046610571102635,0.43937827634631466
20260419_190541_run07,run07,30,final_nd,1334|1532|3207|4716|4738,0.9671524825556193,0.47043721448469544
20260419_190603_run08,run08,0,gen0_nd,1522|1757|3350|4523|5098,1.1831960547882627,0.6341658311469748
20260419_190603_run08,run08,0,gen0_nd,1096|1629|2348|4063|4666,1.2534086146709622,0.5861816327735393
20260419_190603_run08,run08,0,gen0_nd,1602|1677|2648|3626|4446,1.4108015985802296,0.5372585478494124
20260419_190603_run08,run08,5,periodic_nd,1096|2480|3430|4063|4589,1.0065336070304083,0.6443028855878155
20260419_190603_run08,run08,5,periodic_nd,1026|1345|2914|4084|4589,1.2308289817592637,0.4653912749114494
20260419_190603_run08,run08,5,periodic_nd,1026|1345|2914|3430|4589,1.1610988584328064,0.478172396894405
20260419_190603_run08,run08,5,periodic_nd,1026|2050|3412|4084|5098,1.066082548327827,0.5236650743810033
20260419_190603_run08,run08,5,periodic_nd,1026|2350|3059|3350|4666,1.2282477610682205,0.4761191275573319
20260419_190603_run08,run08,5,periodic_nd,236|1026|2350|3412|4666,1.3434920045184644,0.45741320151831105
20260419_190603_run08,run08,5,periodic_nd,1096|2480|3430|4063|4666,1.0268289262485728,0.6292439614853059
20260419_190603_run08,run08,10,periodic_nd,1026|1345|2914|3350|4589,1.1744513640195626,0.4217431319317098
20260419_190603_run08,run08,10,periodic_nd,1026|1757|2641|3565|4666,1.0423631420323693,0.4865491189845445
20260419_190603_run08,run08,10,periodic_nd,1026|1757|2641|3408|4589,1.1288571098740219,0.4712467694741296
20260419_190603_run08,run08,10,periodic_nd,1026|1757|2641|3350|4589,1.0357051530223764,0.5128428131946119
20260419_190603_run08,run08,10,periodic_nd,1026|1757|2350|3412|4589,1.06184582205098,0.4759874022537789
20260419_190603_run08,run08,10,periodic_nd,1026|1757|2350|3350|4589,1.022908700099948,0.5215891605193242
20260419_190603_run08,run08,10,periodic_nd,1026|2050|3565|4084|5098,1.003434785563252,0.5386237983979398
20260419_190603_run08,run08,15,periodic_nd,1026|1757|2641|3565|4589,0.9956587469460175,0.49018995468778714
20260419_190603_run08,run08,15,periodic_nd,1026|2641|2914|3565|4666,1.147822682810572,0.4655140484111512
20260419_190603_run08,run08,15,periodic_nd,1026|1757|2641|3565|4666,1.0423631420323693,0.4865491189845445
20260419_190603_run08,run08,15,periodic_nd,1026|1345|2914|3350|4589,1.1744513640195626,0.4217431319317098
20260419_190603_run08,run08,15,periodic_nd,1026|1629|2641|3412|4589,1.1664443942691405,0.46522668102968656
20260419_190603_run08,run08,15,periodic_nd,1026|2480|3430|4063|4589,0.9844267747879075,0.5699030265073673
20260419_190603_run08,run08,15,periodic_nd,1026|1757|2495|3412|4589,1.049923738675102,0.4659707511929246
20260419_190603_run08,run08,20,periodic_nd,1026|1757|2641|3565|4589,0.9956587469460175,0.49018995468778714
20260419_190603_run08,run08,20,periodic_nd,1026|1757|2495|3412|4589,1.049923738675102,0.4659707511929246
20260419_190603_run08,run08,20,periodic_nd,1026|2480|2641|4063|4589,1.007779102044576,0.48104040803311165
20260419_190603_run08,run08,20,periodic_nd,1026|1629|2914|3565|4589,1.0733365299479054,0.45588934968966704
20260419_190603_run08,run08,20,periodic_nd,1026|1345|2914|3350|4589,1.1744513640195626,0.4217431319317098
20260419_190603_run08,run08,20,periodic_nd,1026|1269|3059|3350|4589,1.1774658335518426,0.4187163936439655
20260419_190603_run08,run08,20,periodic_nd,1026|1757|2428|3565|4589,1.0172187436773206,0.4683945914055748
20260419_190603_run08,run08,20,periodic_nd,1026|1629|2914|3350|4589,1.1123937080152282,0.4454748806965259
20260419_190603_run08,run08,20,periodic_nd,1026|2480|3430|4063|4589,0.9844267747879075,0.5699030265073673
20260419_190603_run08,run08,25,periodic_nd,1026|1757|2350|3565|4589,0.9856625164450995,0.49682206645641724
20260419_190603_run08,run08,25,periodic_nd,1026|1269|2480|3350|4589,1.0566284279053084,0.4211938714164175
20260419_190603_run08,run08,25,periodic_nd,1026|1757|2495|3565|4589,0.9857220283796825,0.4890657613077807
20260419_190603_run08,run08,25,periodic_nd,1026|1269|2914|3565|4589,1.096758922506121,0.41982450680951544
20260419_190603_run08,run08,25,periodic_nd,1026|2480|2495|3565|4589,0.9978654222597264,0.4654222941720503
20260419_190603_run08,run08,25,periodic_nd,1026|2480|3430|4063|4589,0.9844267747879075,0.5699030265073673
20260419_190603_run08,run08,25,periodic_nd,1026|1269|2914|3565|4666,1.1451184317666205,0.4176205121385633
20260419_190603_run08,run08,30,periodic_nd,1026|1269|2480|3565|4589,1.032008860706749,0.4392970007822864
20260419_190603_run08,run08,30,periodic_nd,1026|1269|2914|3565|4589,1.096758922506121,0.41982450680951544
20260419_190603_run08,run08,30,periodic_nd,1026|1269|2480|3350|4589,1.0566284279053084,0.4211938714164175
20260419_190603_run08,run08,30,periodic_nd,1026|1269|2914|3350|4589,1.133718152863421,0.4011084801858721
20260419_190603_run08,run08,30,periodic_nd,1026|2335|2350|3565|4589,0.9814718295147606,0.480580524082202
20260419_190603_run08,run08,30,periodic_nd,1026|2428|2480|3565|4589,1.0199636263826495,0.45235289009285523
20260419_190603_run08,run08,30,periodic_nd,1026|2480|2495|3565|4589,0.9978654222597264,0.4654222941720503
20260419_190603_run08,run08,30,final_nd,1026|1269|2480|3565|4589,1.032008860706749,0.4392970007822864
20260419_190603_run08,run08,30,final_nd,1026|1269|2914|3565|4589,1.096758922506121,0.41982450680951544
20260419_190603_run08,run08,30,final_nd,1026|1269|2480|3350|4589,1.0566284279053084,0.4211938714164175
20260419_190603_run08,run08,30,final_nd,1026|1269|2914|3350|4589,1.133718152863421,0.4011084801858721
20260419_190603_run08,run08,30,final_nd,1026|2335|2350|3565|4589,0.9814718295147606,0.480580524082202
20260419_190603_run08,run08,30,final_nd,1026|2428|2480|3565|4589,1.0199636263826495,0.45235289009285523
20260419_190603_run08,run08,30,final_nd,1026|2480|2495|3565|4589,0.9978654222597264,0.4654222941720503
20260419_190618_run09,run09,0,gen0_nd,829|1313|2630|3442|4947,1.2041418239550605,0.6177453555171621
20260419_190618_run09,run09,0,gen0_nd,802|1697|2281|3189|4308,1.8020640807862562,0.5534451425715377
20260419_190618_run09,run09,5,periodic_nd,1030|1313|2266|3495|4663,1.002284088625673,0.4966078003618078
20260419_190618_run09,run09,10,periodic_nd,1030|1173|2266|3495|4663,1.0690033703752035,0.4851819462734607
20260419_190618_run09,run09,10,periodic_nd,1173|2416|3913|4655|5892,1.1638107623002525,0.4576493093395671
20260419_190618_run09,run09,10,periodic_nd,1173|2630|3495|4663|4947,1.0645324296487992,0.49473796976316636
20260419_190618_run09,run09,10,periodic_nd,1173|2266|3500|3998|4663,0.9413292841964878,0.5068862670455376
20260419_190618_run09,run09,10,periodic_nd,1030|1313|2266|3495|4663,1.002284088625673,0.4966078003618078
20260419_190618_run09,run09,15,periodic_nd,1173|2427|2771|3998|4452,1.0588763216176775,0.423299696844797
20260419_190618_run09,run09,15,periodic_nd,1173|2266|3500|4359|4663,0.9336075292834438,0.5377493085045892
20260419_190618_run09,run09,15,periodic_nd,1173|2266|2416|3636|4663,1.0063122926995416,0.47292942780483355
20260419_190618_run09,run09,15,periodic_nd,1173|2266|3500|3636|4663,0.9658750819935796,0.4907845112033184
20260419_190618_run09,run09,15,periodic_nd,1173|2266|2416|3998|4663,0.9835083451377713,0.48419511841780916
20260419_190618_run09,run09,15,periodic_nd,1173|2266|3500|3998|4663,0.9413292841964878,0.5068862670455376
20260419_190618_run09,run09,20,periodic_nd,1173|2266|2427|3998|4663,0.9650221712577337,0.4598000637190666
20260419_190618_run09,run09,20,periodic_nd,1173|2427|2771|3998|4663,0.9768969074378497,0.41594223322088436
20260419_190618_run09,run09,20,periodic_nd,1173|2266|2427|3783|4663,0.9700794008763892,0.4520569469868497
20260419_190618_run09,run09,20,periodic_nd,1173|2266|3500|3998|4663,0.9413292841964878,0.5068862670455376
20260419_190618_run09,run09,20,periodic_nd,1173|2266|3500|3706|4663,0.9454292273314017,0.5011283892375409
20260419_190618_run09,run09,20,periodic_nd,1173|2266|3500|4359|4663,0.9336075292834438,0.5377493085045892
20260419_190618_run09,run09,25,periodic_nd,1173|2266|2427|3783|4663,0.9700794008763892,0.4520569469868497
20260419_190618_run09,run09,25,periodic_nd,1173|2427|2771|3783|4663,0.9965520769118553,0.40750945492230917
20260419_190618_run09,run09,25,periodic_nd,1173|2427|2771|3998|4663,0.9768969074378497,0.41594223322088436
20260419_190618_run09,run09,25,periodic_nd,1173|2266|2427|3998|4663,0.9650221712577337,0.4598000637190666
20260419_190618_run09,run09,25,periodic_nd,1173|2266|3500|4359|4663,0.9336075292834438,0.5377493085045892
20260419_190618_run09,run09,25,periodic_nd,1173|2266|3500|3706|4663,0.9454292273314017,0.5011283892375409
20260419_190618_run09,run09,25,periodic_nd,1173|2266|3500|3998|4663,0.9413292841964878,0.5068862670455376
20260419_190618_run09,run09,25,periodic_nd,1173|2427|2771|3636|4663,1.0285722450330543,0.4018196969449428
20260419_190618_run09,run09,25,periodic_nd,1173|2427|2771|3913|4663,1.1301463683501058,0.39785030775461244
20260419_190618_run09,run09,30,periodic_nd,1173|2427|2771|3783|4663,0.9965520769118553,0.40750945492230917
20260419_190618_run09,run09,30,periodic_nd,1173|2427|2771|3998|4663,0.9768969074378497,0.41594223322088436
20260419_190618_run09,run09,30,periodic_nd,1173|2266|2427|3998|4663,0.9650221712577337,0.4598000637190666
20260419_190618_run09,run09,30,periodic_nd,1173|2266|3500|4359|4663,0.9336075292834438,0.5377493085045892
20260419_190618_run09,run09,30,periodic_nd,1173|2266|3500|3998|4663,0.9413292841964878,0.5068862670455376
20260419_190618_run09,run09,30,periodic_nd,1173|2566|2771|4359|4663,0.967091433264187,0.43794897797052523
20260419_190618_run09,run09,30,periodic_nd,1173|2427|2771|3913|4663,1.1301463683501058,0.39785030775461244
20260419_190618_run09,run09,30,periodic_nd,1173|2427|2771|3636|4663,1.0285722450330543,0.4018196969449428
20260419_190618_run09,run09,30,periodic_nd,1173|2266|3500|3706|4663,0.9454292273314017,0.5011283892375409
20260419_190618_run09,run09,30,final_nd,1173|2427|2771|3783|4663,0.9965520769118553,0.40750945492230917
20260419_190618_run09,run09,30,final_nd,1173|2427|2771|3998|4663,0.9768969074378497,0.41594223322088436
20260419_190618_run09,run09,30,final_nd,1173|2266|2427|3998|4663,0.9650221712577337,0.4598000637190666
20260419_190618_run09,run09,30,final_nd,1173|2266|3500|4359|4663,0.9336075292834438,0.5377493085045892
20260419_190618_run09,run09,30,final_nd,1173|2266|3500|3998|4663,0.9413292841964878,0.5068862670455376
20260419_190618_run09,run09,30,final_nd,1173|2566|2771|4359|4663,0.967091433264187,0.43794897797052523
20260419_190618_run09,run09,30,final_nd,1173|2427|2771|3913|4663,1.1301463683501058,0.39785030775461244
20260419_190618_run09,run09,30,final_nd,1173|2427|2771|3636|4663,1.0285722450330543,0.4018196969449428
20260419_190618_run09,run09,30,final_nd,1173|2266|3500|3706|4663,0.9454292273314017,0.5011283892375409
20260419_190631_run10,run10,0,gen0_nd,616|1102|2988|4432|5019,1.1630665711749855,0.5565053232057577
20260419_190631_run10,run10,0,gen0_nd,968|1602|2911|3864|4593,1.047567642198596,0.6217858885049978
20260419_190631_run10,run10,0,gen0_nd,1130|1533|3345|4076|5086,1.2491945598377254,0.5426380960037034
20260419_190631_run10,run10,0,gen0_nd,452|525|2558|5163|5237,1.8839244225078535,0.5263112546633023
20260419_190631_run10,run10,5,periodic_nd,1102|1130|3285|3345|5019,1.1859548968320497,0.4927124611922173
20260419_190631_run10,run10,5,periodic_nd,616|1602|2202|2988|4515,1.0738342653567363,0.5043496959684937
20260419_190631_run10,run10,5,periodic_nd,616|1601|2988|4235|4432,1.0822441499591686,0.5006673524473952
20260419_190631_run10,run10,5,periodic_nd,1102|1130|2988|3345|5019,1.2899893928355937,0.47436030280100383
20260419_190631_run10,run10,5,periodic_nd,670|1602|2558|3422|5019,1.0426017295660428,0.5314685998410208
20260419_190631_run10,run10,5,periodic_nd,1601|2558|4068|4235|5019,1.0421694567682924,0.7376834755045649
20260419_190631_run10,run10,10,periodic_nd,1102|2558|3285|4068|5019,1.005585831347492,0.5644250874919623
20260419_190631_run10,run10,10,periodic_nd,616|1602|2558|3422|5019,1.0558397451094481,0.46997320160149936
20260419_190631_run10,run10,10,periodic_nd,1102|2558|4068|4235|5019,0.9929945529514284,0.5649589261158638
20260419_190631_run10,run10,10,periodic_nd,1102|1130|2988|3422|5019,1.2336396653033854,0.4553958195102019
20260419_190631_run10,run10,10,periodic_nd,616|1602|2202|3422|5019,1.0421303208026584,0.48715177065272924
20260419_190631_run10,run10,10,periodic_nd,1102|2202|2988|4076|5019,1.0101058330412311,0.5335430570965217
20260419_190631_run10,run10,15,periodic_nd,616|1602|2558|3422|5019,1.0558397451094481,0.46997320160149936
20260419_190631_run10,run10,15,periodic_nd,616|1601|2558|3422|5019,1.0582716268766312,0.4693022798880472
20260419_190631_run10,run10,15,periodic_nd,452|1602|2558|4076|5019,1.0350404646820985,0.5145699641458745
20260419_190631_run10,run10,15,periodic_nd,616|1533|2558|4068|5019,1.033816299863848,0.5317786320771457
20260419_190631_run10,run10,15,periodic_nd,1102|1130|2988|3422|5019,1.2336396653033854,0.4553958195102019
20260419_190631_run10,run10,15,periodic_nd,616|1602|2202|3422|5019,1.0421303208026584,0.48715177065272924
20260419_190631_run10,run10,15,periodic_nd,1102|2558|4068|4235|5019,0.9929945529514284,0.5649589261158638
20260419_190631_run10,run10,15,periodic_nd,1102|1602|2202|3422|4515,0.9938022552539161,0.5430133771384068
20260419_190631_run10,run10,15,periodic_nd,616|1130|1602|3062|4515,1.1895441693249786,0.45563429540272693
20260419_190631_run10,run10,15,periodic_nd,1102|1130|2911|3864|4593,1.1704460088754152,0.4648338280459346
20260419_190631_run10,run10,15,periodic_nd,1102|2202|2988|4076|5019,1.0101058330412311,0.5335430570965217
20260419_190631_run10,run10,20,periodic_nd,616|1601|2558|3422|5019,1.0582716268766312,0.4693022798880472
20260419_190631_run10,run10,20,periodic_nd,1533|2558|4012|4068|5019,0.9480562259331531,0.6211989863151539
20260419_190631_run10,run10,20,periodic_nd,1102|1130|3062|3345|4593,1.2631252548695646,0.4524563667895913
20260419_190631_run10,run10,20,periodic_nd,1102|2558|4012|4068|5019,0.9632358301565092,0.5734729672638866
20260419_190631_run10,run10,20,periodic_nd,616|1130|1602|3062|4515,1.1895441693249786,0.45563429540272693
20260419_190631_run10,run10,20,periodic_nd,616|1602|2558|3422|5019,1.0558397451094481,0.46997320160149936
20260419_190631_run10,run10,20,periodic_nd,1102|1602|2558|4076|5019,1.003852281433293,0.5337815864363168
20260419_190631_run10,run10,20,periodic_nd,1102|1130|2911|3864|4593,1.1704460088754152,0.4648338280459346
20260419_190631_run10,run10,20,periodic_nd,616|1602|2558|4076|5019,1.0084450906069988,0.4746996127035274
20260419_190631_run10,run10,20,periodic_nd,1102|1602|2202|3422|4515,0.9938022552539161,0.5430133771384068
20260419_190631_run10,run10,20,periodic_nd,1102|1130|2988|3422|5019,1.2336396653033854,0.4553958195102019
20260419_190631_run10,run10,20,periodic_nd,1102|2558|4068|4235|5019,0.9929945529514284,0.5649589261158638
20260419_190631_run10,run10,20,periodic_nd,616|1602|2202|3422|4515,1.0058276940870339,0.4866367965913881
20260419_190631_run10,run10,25,periodic_nd,616|1602|2558|4076|5019,1.0084450906069988,0.4746996127035274
20260419_190631_run10,run10,25,periodic_nd,1533|2558|4012|4068|5019,0.9480562259331531,0.6211989863151539
20260419_190631_run10,run10,25,periodic_nd,1533|2558|3941|4068|5019,0.9451021350607495,0.6226771893841107
20260419_190631_run10,run10,25,periodic_nd,616|1601|2558|4076|5019,1.0108769723741817,0.474595851908142
20260419_190631_run10,run10,25,periodic_nd,1102|1130|2988|3422|4593,1.2310247889051782,0.4401159056253124
20260419_190631_run10,run10,25,periodic_nd,616|1602|2558|4068|4515,0.9816203851010161,0.48788593452609996
20260419_190631_run10,run10,25,periodic_nd,1102|2558|4012|4068|5019,0.9632358301565092,0.5734729672638866
20260419_190631_run10,run10,25,periodic_nd,1102|1130|2911|3864|4593,1.1704460088754152,0.4648338280459346
20260419_190631_run10,run10,25,periodic_nd,616|1602|2558|3422|4515,1.0195371183938233,0.46608855218272294
20260419_190631_run10,run10,25,periodic_nd,616|1602|2202|3422|4515,1.0058276940870339,0.4866367965913881
20260419_190631_run10,run10,25,periodic_nd,616|1130|1602|3062|4515,1.1895441693249786,0.45563429540272693
20260419_190631_run10,run10,30,periodic_nd,1533|2558|4012|4068|5019,0.9480562259331531,0.6211989863151539
20260419_190631_run10,run10,30,periodic_nd,1102|2558|3941|4068|5019,0.9602817392841055,0.5747834935837552
20260419_190631_run10,run10,30,periodic_nd,1102|1602|2558|4068|4593,0.9645420565145495,0.5092352028415953
20260419_190631_run10,run10,30,periodic_nd,1533|2558|3941|4068|5019,0.9451021350607495,0.6226771893841107
20260419_190631_run10,run10,30,periodic_nd,1102|2558|4012|4068|5019,0.9632358301565092,0.5734729672638866
20260419_190631_run10,run10,30,periodic_nd,616|1602|2558|4068|4593,0.969134865688255,0.4520976862275892
20260419_190631_run10,run10,30,periodic_nd,1102|1130|2988|3422|4593,1.2310247889051782,0.4401159056253124
20260419_190631_run10,run10,30,final_nd,1533|2558|4012|4068|5019,0.9480562259331531,0.6211989863151539
20260419_190631_run10,run10,30,final_nd,1102|2558|3941|4068|5019,0.9602817392841055,0.5747834935837552
20260419_190631_run10,run10,30,final_nd,1102|1602|2558|4068|4593,0.9645420565145495,0.5092352028415953
20260419_190631_run10,run10,30,final_nd,1533|2558|3941|4068|5019,0.9451021350607495,0.6226771893841107
20260419_190631_run10,run10,30,final_nd,1102|2558|4012|4068|5019,0.9632358301565092,0.5734729672638866
20260419_190631_run10,run10,30,final_nd,616|1602|2558|4068|4593,0.969134865688255,0.4520976862275892
20260419_190631_run10,run10,30,final_nd,1102|1130|2988|3422|4593,1.2310247889051782,0.4401159056253124
20260419_190641_run11,run11,0,gen0_nd,753|1626|2105|3272|4231,1.1963999201900575,0.6140317539424685
20260419_190641_run11,run11,0,gen0_nd,958|3071|3277|3489|5167,1.3255483712206761,0.5728669713263372
20260419_190641_run11,run11,0,gen0_nd,1177|2050|3426|4082|5096,1.0738959803702361,0.6709113249914125
20260419_190641_run11,run11,5,periodic_nd,1404|1885|3277|4875|5167,1.1244108821087966,0.5305525827618053
20260419_190641_run11,run11,5,periodic_nd,1404|1885|3071|3277|4875,1.0391538102790554,0.5324295423831962
20260419_190641_run11,run11,5,periodic_nd,958|2775|3272|4881|5167,1.2974716563821171,0.5144545455417112
20260419_190641_run11,run11,5,periodic_nd,1404|1885|2775|4219|4881,0.9640795592194225,0.545308339507603
20260419_190641_run11,run11,10,periodic_nd,1241|1404|2775|3775|4875,0.9956138439923687,0.515928272807503
20260419_190641_run11,run11,10,periodic_nd,1241|1404|3277|3489|4875,1.0785399043483834,0.4994965608916608
20260419_190641_run11,run11,10,periodic_nd,1404|1533|3277|3639|4875,1.0422002450021541,0.5046171695781204
20260419_190641_run11,run11,10,periodic_nd,1404|1533|3068|3489|5167,1.0363946825339714,0.504901390048212
20260419_190641_run11,run11,10,periodic_nd,1404|1885|2775|4219|4881,0.9640795592194225,0.545308339507603
20260419_190641_run11,run11,10,periodic_nd,1241|1404|3002|3775|4881,1.0306407748985313,0.514329557537441
20260419_190641_run11,run11,15,periodic_nd,1404|1533|2775|4219|4881,0.9364122759317521,0.5270770828113329
20260419_190641_run11,run11,15,periodic_nd,1404|1533|3071|3489|4875,0.9559573035442122,0.47987880553618817
20260419_190641_run11,run11,15,periodic_nd,1385|1404|3222|3489|4875,0.9754754127684894,0.42550688525377695
20260419_190641_run11,run11,15,periodic_nd,1241|1404|3071|3489|4875,0.9652814124845636,0.4774613927600161
20260419_190641_run11,run11,20,periodic_nd,1385|1404|2775|4219|4881,0.9245659198615395,0.500460636718698
20260419_190641_run11,run11,20,periodic_nd,1404|1533|3071|3489|4875,0.9559573035442122,0.47987880553618817
20260419_190641_run11,run11,20,periodic_nd,1385|1404|2775|3639|4881,0.9737242700352063,0.4754625365098857
20260419_190641_run11,run11,20,periodic_nd,1385|1404|3222|3489|4875,0.9754754127684894,0.42550688525377695
20260419_190641_run11,run11,20,periodic_nd,1241|1404|3071|3489|4875,0.9652814124845636,0.4774613927600161
20260419_190641_run11,run11,25,periodic_nd,1385|1404|2775|4219|4881,0.9245659198615395,0.500460636718698
20260419_190641_run11,run11,25,periodic_nd,1385|1404|3222|3489|4875,0.9754754127684894,0.42550688525377695
20260419_190641_run11,run11,25,periodic_nd,1385|1404|3071|3489|4875,0.9456327729410704,0.4492102446805584
20260419_190641_run11,run11,30,periodic_nd,1385|1404|3222|3489|4875,0.9754754127684894,0.42550688525377695
20260419_190641_run11,run11,30,periodic_nd,1385|1404|3071|3489|4875,0.9456327729410704,0.4492102446805584
20260419_190641_run11,run11,30,periodic_nd,1385|1404|2775|4219|4881,0.9245659198615395,0.500460636718698
20260419_190641_run11,run11,30,periodic_nd,1385|1404|3429|3489|4875,0.9497476210764534,0.44148571306919243
20260419_190641_run11,run11,30,final_nd,1385|1404|3222|3489|4875,0.9754754127684894,0.42550688525377695
20260419_190641_run11,run11,30,final_nd,1385|1404|3071|3489|4875,0.9456327729410704,0.4492102446805584
20260419_190641_run11,run11,30,final_nd,1385|1404|2775|4219|4881,0.9245659198615395,0.500460636718698
20260419_190641_run11,run11,30,final_nd,1385|1404|3429|3489|4875,0.9497476210764534,0.44148571306919243
20260419_190651_run12,run12,0,gen0_nd,597|2627|2774|3850|4590,1.2271523437408092,0.5677101026572544
20260419_190651_run12,run12,0,gen0_nd,1230|1903|2700|4434|5315,1.1846243562413996,0.6513257395556787
20260419_190651_run12,run12,0,gen0_nd,819|1673|2995|4944|5026,1.1687713591852953,0.6725400435483643
20260419_190651_run12,run12,0,gen0_nd,1824|1984|3708|3797|5313,1.0696453150271175,0.7573053343285363
20260419_190651_run12,run12,5,periodic_nd,1323|1668|2557|3788|4445,1.0080066803916083,0.5576708445973199
20260419_190651_run12,run12,5,periodic_nd,1534|1909|3200|4146|4445,1.0056184290496428,0.6401705528666534
20260419_190651_run12,run12,5,periodic_nd,597|1384|2700|4434|4447,1.0556862723887164,0.5333060305761285
20260419_190651_run12,run12,5,periodic_nd,1401|1668|2557|3788|5890,1.1927479309051372,0.5331302164576748
20260419_190651_run12,run12,5,periodic_nd,1130|1313|2700|3788|5890,1.2957735194898303,0.4354510284555255
20260419_190651_run12,run12,5,periodic_nd,597|1384|2700|4434|4590,1.048904403622244,0.5365707665622209
20260419_190651_run12,run12,5,periodic_nd,1534|2700|2793|4574|4966,1.2744227861382083,0.510182862040557
20260419_190651_run12,run12,10,periodic_nd,1534|1909|3200|4146|4590,0.9730326152404459,0.6415391584867245
20260419_190651_run12,run12,10,periodic_nd,1028|2557|2700|3788|4445,1.158951504947379,0.4611015888518154
20260419_190651_run12,run12,10,periodic_nd,1323|1384|2700|4434|4447,0.9929726800948357,0.5510426416060059
20260419_190651_run12,run12,10,periodic_nd,318|1384|2557|3788|4445,1.039563249563842,0.4896103051218932
20260419_190651_run12,run12,10,periodic_nd,1130|1313|2700|3788|4445,1.124802643788778,0.4682841565859996
20260419_190651_run12,run12,10,periodic_nd,1130|1313|2700|3788|5890,1.2957735194898303,0.4354510284555255
20260419_190651_run12,run12,10,periodic_nd,1028|1130|2700|3788|5890,1.316812268336589,0.4066278837027099
20260419_190651_run12,run12,10,periodic_nd,538|1384|2557|3788|4445,1.0222108663585137,0.4960578006678834
20260419_190651_run12,run12,15,periodic_nd,538|1313|2700|3788|4445,1.038159259041152,0.4877132946442453
20260419_190651_run12,run12,15,periodic_nd,1028|1130|2700|4146|4966,1.2643183490009484,0.42131495995611246
20260419_190651_run12,run12,15,periodic_nd,1028|1130|2700|3788|5890,1.316812268336589,0.4066278837027099
20260419_190651_run12,run12,15,periodic_nd,318|1384|2557|4146|4445,1.0099683143312457,0.4930688917560038
20260419_190651_run12,run12,15,periodic_nd,538|1313|2557|3788|4445,1.028916740479609,0.4916745064495065
20260419_190651_run12,run12,15,periodic_nd,1323|1668|2557|4146|4445,0.9784117451590126,0.5594373288161932
20260419_190651_run12,run12,15,periodic_nd,1028|1130|2700|3788|4445,1.1458413926355366,0.4370142532478757
20260419_190651_run12,run12,15,periodic_nd,538|1384|2557|4146|4445,0.9926159311259172,0.49882595947965175
20260419_190651_run12,run12,15,periodic_nd,1028|1130|2700|4146|4445,1.113570894872869,0.44877585567909295
20260419_190651_run12,run12,15,periodic_nd,318|1313|2557|3788|4445,1.0474315945559491,0.4818738775699062
20260419_190651_run12,run12,15,periodic_nd,1323|1668|2774|3773|4590,0.9891607327347542,0.5305506935545474
20260419_190651_run12,run12,15,periodic_nd,1534|1909|3200|4146|4590,0.9730326152404459,0.6415391584867245
20260419_190651_run12,run12,15,periodic_nd,1323|1384|2700|4434|4590,0.9861908113283638,0.5555757049227619
20260419_190651_run12,run12,20,periodic_nd,538|1384|2557|4146|4590,0.9597996683479916,0.4887064242726234
20260419_190651_run12,run12,20,periodic_nd,1028|1130|2700|4146|4590,1.0808056337670975,0.44448413434813333
20260419_190651_run12,run12,20,periodic_nd,538|1313|2557|4146|4590,0.9665055424690873,0.48446266210108846
20260419_190651_run12,run12,20,periodic_nd,538|1313|2700|3788|4590,1.0007686707633585,0.47458708895629803
20260419_190651_run12,run12,20,periodic_nd,1028|1130|2700|3788|5890,1.316812268336589,0.4066278837027099
20260419_190651_run12,run12,20,periodic_nd,1028|1130|2700|3788|4445,1.1458413926355366,0.4370142532478757
20260419_190651_run12,run12,20,periodic_nd,1130|1313|2700|3788|5024,1.0753839591034404,0.4668825633165826
20260419_190651_run12,run12,20,periodic_nd,538|1384|2557|3788|4590,0.9848202780807203,0.48221313449947323
20260419_190651_run12,run12,20,periodic_nd,538|1313|2557|3788|4590,0.9915261522018156,0.4779246641185799
20260419_190651_run12,run12,20,periodic_nd,1028|1130|2700|4445|4859,1.181114202201161,0.4221448340875512
20260419_190651_run12,run12,20,periodic_nd,1028|1130|2700|4146|4966,1.2643183490009484,0.42131495995611246
20260419_190651_run12,run12,25,periodic_nd,538|1313|2557|3788|5024,0.9794980557942697,0.48435602023334645
20260419_190651_run12,run12,25,periodic_nd,1323|1384|2700|4146|4590,0.956890540970944,0.5434223205607442
20260419_190651_run12,run12,25,periodic_nd,1028|1130|2700|4146|4966,1.2643183490009484,0.42131495995611246
20260419_190651_run12,run12,25,periodic_nd,1028|1130|2700|4445|4859,1.181114202201161,0.4221448340875512
20260419_190651_run12,run12,25,periodic_nd,538|1384|2557|3788|4590,0.9848202780807203,0.48221313449947323
20260419_190651_run12,run12,25,periodic_nd,538|1384|2557|4146|4590,0.9597996683479916,0.4887064242726234
20260419_190651_run12,run12,25,periodic_nd,538|1313|2557|4146|4590,0.9665055424690873,0.48446266210108846
20260419_190651_run12,run12,25,periodic_nd,538|1313|2700|3788|4590,1.0007686707633585,0.47458708895629803
20260419_190651_run12,run12,25,periodic_nd,538|1384|2557|3773|4445,1.012231864755332,0.4641500253958165
20260419_190651_run12,run12,25,periodic_nd,1028|1130|2700|3788|5890,1.316812268336589,0.4066278837027099
20260419_190651_run12,run12,25,periodic_nd,1028|1130|2700|4146|4590,1.0808056337670975,0.44448413434813333
20260419_190651_run12,run12,25,periodic_nd,1323|1668|2557|4146|4590,0.9455954823810869,0.5476143052280043
20260419_190651_run12,run12,25,periodic_nd,1028|1130|2700|4590|4859,1.1774578618977765,0.42482264963789573
20260419_190651_run12,run12,25,periodic_nd,538|1313|2557|3773|4590,1.016806893771686,0.4622920391984553
20260419_190651_run12,run12,25,periodic_nd,538|1384|2557|3773|4590,1.0101272811447464,0.46703191271105987
20260419_190651_run12,run12,25,periodic_nd,1028|1130|2700|4146|5024,1.0715309401973898,0.45276137085441526
20260419_190651_run12,run12,25,periodic_nd,538|1313|2557|3788|4590,0.9915261522018156,0.4779246641185799
20260419_190651_run12,run12,25,periodic_nd,24|1313|2557|3773|4590,1.0945391405692326,0.42783146912611897
20260419_190651_run12,run12,30,periodic_nd,1028|1130|2700|4445|4859,1.181114202201161,0.4221448340875512
20260419_190651_run12,run12,30,periodic_nd,538|1313|2557|4146|5024,0.957230848899379,0.4943241937524741
20260419_190651_run12,run12,30,periodic_nd,24|1313|2557|3788|4590,1.0692583989993623,0.44335308990200956
20260419_190651_run12,run12,30,periodic_nd,24|1313|2557|4146|4590,1.0442377892666328,0.45113812763202427
20260419_190651_run12,run12,30,periodic_nd,1323|1668|2557|4146|4590,0.9455954823810869,0.5476143052280043
20260419_190651_run12,run12,30,periodic_nd,538|1384|2557|4146|4590,0.9597996683479916,0.4887064242726234
20260419_190651_run12,run12,30,periodic_nd,538|1313|2700|3788|4590,1.0007686707633585,0.47458708895629803
20260419_190651_run12,run12,30,periodic_nd,1181|1313|2700|4146|4590,0.9468030494808788,0.5364171481666701
20260419_190651_run12,run12,30,periodic_nd,538|1313|2557|3788|5024,0.9794980557942697,0.48435602023334645
20260419_190651_run12,run12,30,periodic_nd,538|1384|2557|3773|4590,1.0101272811447464,0.46703191271105987
20260419_190651_run12,run12,30,periodic_nd,1028|1130|2700|3788|5890,1.316812268336589,0.4066278837027099
20260419_190651_run12,run12,30,periodic_nd,538|1313|2700|3788|5024,0.9887405743558128,0.48094893115306986
20260419_190651_run12,run12,30,periodic_nd,1028|1130|2700|4590|4859,1.1774578618977765,0.42482264963789573
20260419_190651_run12,run12,30,periodic_nd,1028|1130|2700|4146|4966,1.2643183490009484,0.42131495995611246
20260419_190651_run12,run12,30,periodic_nd,24|1313|2557|3773|4590,1.0945391405692326,0.42783146912611897
20260419_190651_run12,run12,30,periodic_nd,538|1313|2557|3773|4590,1.016806893771686,0.4622920391984553
20260419_190651_run12,run12,30,periodic_nd,538|1313|2557|4146|4590,0.9665055424690873,0.48446266210108846
20260419_190651_run12,run12,30,periodic_nd,538|1384|2557|3773|4445,1.012231864755332,0.4641500253958165
20260419_190651_run12,run12,30,periodic_nd,538|1313|2557|3773|4445,1.0189114773822716,0.4594199614641159
20260419_190651_run12,run12,30,periodic_nd,538|1384|2557|3788|4590,0.9848202780807203,0.48221313449947323
20260419_190651_run12,run12,30,periodic_nd,538|1313|2557|3788|4590,0.9915261522018156,0.4779246641185799
20260419_190651_run12,run12,30,final_nd,1028|1130|2700|4445|4859,1.181114202201161,0.4221448340875512
20260419_190651_run12,run12,30,final_nd,538|1313|2557|4146|5024,0.957230848899379,0.4943241937524741
20260419_190651_run12,run12,30,final_nd,24|1313|2557|3788|4590,1.0692583989993623,0.44335308990200956
20260419_190651_run12,run12,30,final_nd,24|1313|2557|4146|4590,1.0442377892666328,0.45113812763202427
20260419_190651_run12,run12,30,final_nd,1323|1668|2557|4146|4590,0.9455954823810869,0.5476143052280043
20260419_190651_run12,run12,30,final_nd,538|1384|2557|4146|4590,0.9597996683479916,0.4887064242726234
20260419_190651_run12,run12,30,final_nd,538|1313|2700|3788|4590,1.0007686707633585,0.47458708895629803
20260419_190651_run12,run12,30,final_nd,1181|1313|2700|4146|4590,0.9468030494808788,0.5364171481666701
20260419_190651_run12,run12,30,final_nd,538|1313|2557|3788|5024,0.9794980557942697,0.48435602023334645
20260419_190651_run12,run12,30,final_nd,538|1384|2557|3773|4590,1.0101272811447464,0.46703191271105987
20260419_190651_run12,run12,30,final_nd,1028|1130|2700|3788|5890,1.316812268336589,0.4066278837027099
20260419_190651_run12,run12,30,final_nd,538|1313|2700|3788|5024,0.9887405743558128,0.48094893115306986
20260419_190651_run12,run12,30,final_nd,1028|1130|2700|4590|4859,1.1774578618977765,0.42482264963789573
20260419_190651_run12,run12,30,final_nd,1028|1130|2700|4146|4966,1.2643183490009484,0.42131495995611246
20260419_190651_run12,run12,30,final_nd,24|1313|2557|3773|4590,1.0945391405692326,0.42783146912611897
20260419_190651_run12,run12,30,final_nd,538|1313|2557|3773|4590,1.016806893771686,0.4622920391984553
20260419_190651_run12,run12,30,final_nd,538|1313|2557|4146|4590,0.9665055424690873,0.48446266210108846
20260419_190651_run12,run12,30,final_nd,538|1384|2557|3773|4445,1.012231864755332,0.4641500253958165
20260419_190651_run12,run12,30,final_nd,538|1313|2557|3773|4445,1.0189114773822716,0.4594199614641159
20260419_190651_run12,run12,30,final_nd,538|1384|2557|3788|4590,0.9848202780807203,0.48221313449947323
20260419_190651_run12,run12,30,final_nd,538|1313|2557|3788|4590,0.9915261522018156,0.4779246641185799
20260419_190700_run13,run13,0,gen0_nd,1484|1602|2907|3517|4870,1.2627736865684944,0.557638777023774
20260419_190700_run13,run13,0,gen0_nd,1247|1991|3138|4162|4937,1.1742964570216512,0.6290524642899842
20260419_190700_run13,run13,0,gen0_nd,1685|1949|3643|3805|4604,1.5396456601725086,0.5435804236248533
20260419_190700_run13,run13,5,periodic_nd,1409|1460|3353|3423|4662,1.1058479685574019,0.4498630582745532
20260419_190700_run13,run13,5,periodic_nd,816|1484|1602|3567|4662,1.0439269802880002,0.5405480451934862
20260419_190700_run13,run13,5,periodic_nd,1046|1460|3353|3567|4662,1.1051655108838214,0.4859290139235944
20260419_190700_run13,run13,5,periodic_nd,325|1023|2407|3423|4803,1.053911577802108,0.505339184232856
20260419_190700_run13,run13,10,periodic_nd,1409|1602|2104|3567|4662,1.0880787359145816,0.4400518522315479
20260419_190700_run13,run13,10,periodic_nd,1409|1602|2914|3567|4662,0.9856688875545861,0.45472291689743344
20260419_190700_run13,run13,10,periodic_nd,1023|1409|2407|3423|4803,1.0144222227601833,0.44578973252503323
20260419_190700_run13,run13,10,periodic_nd,1409|1602|2407|3567|4662,0.9730923045817184,0.506632287568917
20260419_190700_run13,run13,10,periodic_nd,1409|1460|2914|3567|4446,1.0182172493842954,0.4448443354438533
20260419_190700_run13,run13,10,periodic_nd,1409|1602|3353|3423|4662,1.101107808635099,0.43781796943255225
20260419_190700_run13,run13,15,periodic_nd,1023|1409|2914|3643|4662,1.032946371400412,0.41701141844252954
20260419_190700_run13,run13,15,periodic_nd,1023|1409|2407|3423|4662,1.010962624338938,0.4225275275880251
20260419_190700_run13,run13,15,periodic_nd,1046|1460|2914|3643|4662,0.9767547482909009,0.433186679699382
20260419_190700_run13,run13,15,periodic_nd,1046|1460|2914|3858|4662,0.9529500285561017,0.4460705717490099
20260419_190700_run13,run13,20,periodic_nd,1023|1409|2407|3567|4662,0.9913435193489967,0.42100924083932567
20260419_190700_run13,run13,20,periodic_nd,1046|1602|2914|3858|4662,0.9429320575919169,0.4512098950273948
20260419_190700_run13,run13,20,periodic_nd,1409|1460|2914|3643|4662,0.9712076468818265,0.4270894752509746
20260419_190700_run13,run13,20,periodic_nd,1023|1409|2409|3643|4662,1.01360471336217,0.40856289922756256
20260419_190700_run13,run13,20,periodic_nd,1023|1409|2409|3858|4662,0.9976242196809716,0.4196724688376193
20260419_190700_run13,run13,20,periodic_nd,1409|1460|2914|3858|4662,0.9472979691737958,0.4381616011546722
20260419_190700_run13,run13,20,periodic_nd,1023|1409|2409|3567|4662,1.0028745373773096,0.41433258937166934
20260419_190700_run13,run13,25,periodic_nd,1023|1409|2407|3643|4662,1.001356249014575,0.4081411594197853
20260419_190700_run13,run13,25,periodic_nd,1409|1460|2914|3858|4662,0.9472979691737958,0.4381616011546722
20260419_190700_run13,run13,25,periodic_nd,1409|1460|2914|3643|4662,0.9712076468818265,0.4270894752509746
20260419_190700_run13,run13,25,periodic_nd,1046|1602|2409|3858|4662,0.9392607510256027,0.4862360659779437
20260419_190700_run13,run13,25,periodic_nd,1023|1046|2407|3643|4662,0.991365541790976,0.4150875044115985
20260419_190700_run13,run13,25,periodic_nd,1046|1602|2914|3858|4662,0.9429320575919169,0.4512098950273948
20260419_190700_run13,run13,25,periodic_nd,1023|1046|2409|3858|4662,0.9782723752243573,0.41836524656980933
20260419_190700_run13,run13,30,periodic_nd,1409|1460|2914|3858|4662,0.9472979691737958,0.4381616011546722
20260419_190700_run13,run13,30,periodic_nd,1046|1602|2409|3858|4662,0.9392607510256027,0.4862360659779437
20260419_190700_run13,run13,30,periodic_nd,1046|1602|2914|3858|4662,0.9429320575919169,0.4512098950273948
20260419_190700_run13,run13,30,periodic_nd,1023|1046|2409|3858|4662,0.9782723752243573,0.41836524656980933
20260419_190700_run13,run13,30,periodic_nd,1023|1046|2409|3567|4662,0.9835183984940259,0.4131680466838961
20260419_190700_run13,run13,30,periodic_nd,1409|1460|2914|3643|4662,0.9712076468818265,0.4270894752509746
20260419_190700_run13,run13,30,periodic_nd,1023|1409|2407|3643|4662,1.001356249014575,0.4081411594197853
20260419_190700_run13,run13,30,final_nd,1409|1460|2914|3858|4662,0.9472979691737958,0.4381616011546722
20260419_190700_run13,run13,30,final_nd,1046|1602|2409|3858|4662,0.9392607510256027,0.4862360659779437
20260419_190700_run13,run13,30,final_nd,1046|1602|2914|3858|4662,0.9429320575919169,0.4512098950273948
20260419_190700_run13,run13,30,final_nd,1023|1046|2409|3858|4662,0.9782723752243573,0.41836524656980933
20260419_190700_run13,run13,30,final_nd,1023|1046|2409|3567|4662,0.9835183984940259,0.4131680466838961
20260419_190700_run13,run13,30,final_nd,1409|1460|2914|3643|4662,0.9712076468818265,0.4270894752509746
20260419_190700_run13,run13,30,final_nd,1023|1409|2407|3643|4662,1.001356249014575,0.4081411594197853
20260419_190709_run14,run14,0,gen0_nd,467|1670|3078|3848|5093,1.275874884649808,0.6535232460694971
20260419_190709_run14,run14,0,gen0_nd,1246|1390|3280|3642|5093,1.2994937097438135,0.600772177262978
20260419_190709_run14,run14,5,periodic_nd,1203|1390|3280|3552|5093,1.2195155237079047,0.44263792491688947
20260419_190709_run14,run14,5,periodic_nd,1390|2131|3552|4075|5093,1.0072703782845576,0.49988469290428694
20260419_190709_run14,run14,5,periodic_nd,1246|2131|2613|3642|5093,0.9904470512579936,0.5741020650794233
20260419_190709_run14,run14,10,periodic_nd,1203|1246|3280|3552|5093,1.2385807527595425,0.4426260244906263
20260419_190709_run14,run14,10,periodic_nd,1203|1390|3280|3552|5093,1.2195155237079047,0.44263792491688947
20260419_190709_run14,run14,10,periodic_nd,1246|2131|3552|3642|5093,1.0234270979014632,0.4881592470537834
20260419_190709_run14,run14,10,periodic_nd,1246|2486|3552|4518|4817,1.175621537513896,0.4456660667186193
20260419_190709_run14,run14,10,periodic_nd,1390|2131|3552|4075|5093,1.0072703782845576,0.49988469290428694
20260419_190709_run14,run14,10,periodic_nd,1390|2131|2838|4075|5093,0.9469922959707902,0.5559172507166282
20260419_190709_run14,run14,10,periodic_nd,1246|2131|2479|4075|4882,0.9539312468532182,0.5129470979063696
20260419_190709_run14,run14,10,periodic_nd,1390|2131|3552|4075|4817,1.0838259568446829,0.46845688734902036
20260419_190709_run14,run14,10,periodic_nd,1203|1390|2131|3552|4518,1.2658287137170332,0.4299847989614554
20260419_190709_run14,run14,10,periodic_nd,1246|2131|3552|4075|5093,1.014750867163642,0.48833386737237505
20260419_190709_run14,run14,15,periodic_nd,1246|2486|3552|4075|4882,0.9650463163478546,0.4853648569795986
20260419_190709_run14,run14,15,periodic_nd,1246|2486|3552|3915|4518,1.1400281208731038,0.44113018832561923
20260419_190709_run14,run14,15,periodic_nd,1246|1390|2131|3552|4518,1.2494505490770018,0.4345293280440211
20260419_190709_run14,run14,15,periodic_nd,1246|2131|3552|4075|4882,0.9957638497984006,0.47408094898028974
20260419_190709_run14,run14,15,periodic_nd,1203|1390|2131|3552|4518,1.2658287137170332,0.4299847989614554
20260419_190709_run14,run14,15,periodic_nd,1246|2131|3552|3642|4882,1.028319420792568,0.47205897869882785
20260419_190709_run14,run14,15,periodic_nd,1390|2131|3552|4075|4817,1.0838259568446829,0.46845688734902036
20260419_190709_run14,run14,15,periodic_nd,1390|2131|2838|4075|5093,0.9469922959707902,0.5559172507166282
20260419_190709_run14,run14,15,periodic_nd,1246|2131|2479|4075|4882,0.9539312468532182,0.5129470979063696
20260419_190709_run14,run14,20,periodic_nd,1246|2486|3552|4075|4882,0.9650463163478546,0.4853648569795986
20260419_190709_run14,run14,20,periodic_nd,1203|1246|2131|3552|4518,1.2763933658369897,0.42466697375148915
20260419_190709_run14,run14,20,periodic_nd,1246|2486|3552|4441|4518,1.0937741271971353,0.44944404795560106
20260419_190709_run14,run14,20,periodic_nd,1246|2486|3552|4010|4518,1.0713342276351765,0.45262554052367787
20260419_190709_run14,run14,20,periodic_nd,591|1246|2486|3552|4518,1.20576432689423,0.43176178226527534
20260419_190709_run14,run14,20,periodic_nd,1203|1390|3280|3552|4518,1.1783685221274431,0.4329378059830819
20260419_190709_run14,run14,20,periodic_nd,1246|2131|3552|4075|4882,0.9957638497984006,0.47408094898028974
20260419_190709_run14,run14,20,periodic_nd,1246|2131|2838|4075|4882,0.9247717774645494,0.4993098393130284
20260419_190709_run14,run14,20,periodic_nd,1246|2131|3552|3642|4882,1.028319420792568,0.47205897869882785
20260419_190709_run14,run14,20,periodic_nd,1390|2131|3552|4441|4817,1.1097803894825773,0.4451138778754759
20260419_190709_run14,run14,20,periodic_nd,1246|2486|3552|3915|4518,1.1400281208731038,0.44113018832561923
20260419_190709_run14,run14,20,periodic_nd,1203|1390|2131|3552|4518,1.2658287137170332,0.4299847989614554
20260419_190709_run14,run14,20,periodic_nd,1246|2486|2838|4075|4882,0.9504009446955056,0.49868369479223923
20260419_190709_run14,run14,25,periodic_nd,591|1246|2131|3552|4518,1.261826369260966,0.42594739476190885
20260419_190709_run14,run14,25,periodic_nd,1203|1246|2131|3552|4518,1.2763933658369897,0.42466697375148915
20260419_190709_run14,run14,25,periodic_nd,1246|2486|3552|4441|4817,1.0687987135777355,0.4395987484935374
20260419_190709_run14,run14,25,periodic_nd,1246|2486|3552|4441|4882,1.0329757948808738,0.4655619794519577
20260419_190709_run14,run14,25,periodic_nd,1246|2486|3552|4075|4882,0.9650463163478546,0.4853648569795986
20260419_190709_run14,run14,25,periodic_nd,1390|2486|3552|4441|4817,1.0657129948170954,0.4607659385487852
20260419_190709_run14,run14,25,periodic_nd,1246|2486|2838|4075|4882,0.9504009446955056,0.49868369479223923
20260419_190709_run14,run14,25,periodic_nd,1246|2131|3552|4441|4817,1.117260878361662,0.43318104459400747
20260419_190709_run14,run14,25,periodic_nd,1246|2131|3552|3915|4518,1.1921748816839202,0.4322347082944417
20260419_190709_run14,run14,25,periodic_nd,1246|2131|2838|4075|4882,0.9247717774645494,0.4993098393130284
20260419_190709_run14,run14,25,periodic_nd,1246|2131|3552|3642|4882,1.028319420792568,0.47205897869882785
20260419_190709_run14,run14,25,periodic_nd,591|1246|2486|3552|4518,1.20576432689423,0.43176178226527534
20260419_190709_run14,run14,25,periodic_nd,1203|1390|3280|3552|4518,1.1783685221274431,0.4329378059830819
20260419_190709_run14,run14,25,periodic_nd,1246|2131|3552|4075|4882,0.9957638497984006,0.47408094898028974
20260419_190709_run14,run14,30,periodic_nd,1246|2131|3552|4441|4817,1.117260878361662,0.43318104459400747
20260419_190709_run14,run14,30,periodic_nd,1246|2131|3552|4075|4882,0.9957638497984006,0.47408094898028974
20260419_190709_run14,run14,30,periodic_nd,1246|2131|2838|4075|4882,0.9247717774645494,0.4993098393130284
20260419_190709_run14,run14,30,periodic_nd,591|1246|2131|3552|4518,1.261826369260966,0.42594739476190885
20260419_190709_run14,run14,30,periodic_nd,1203|1246|2131|3552|4518,1.2763933658369897,0.42466697375148915
20260419_190709_run14,run14,30,periodic_nd,1246|2486|3552|4010|4882,1.021543096482546,0.4636537720957405
20260419_190709_run14,run14,30,periodic_nd,1203|1390|3280|3552|4518,1.1783685221274431,0.4329378059830819
20260419_190709_run14,run14,30,periodic_nd,1246|2486|3552|4441|4817,1.0687987135777355,0.4395987484935374
20260419_190709_run14,run14,30,periodic_nd,1246|2131|3552|3915|4518,1.1921748816839202,0.4322347082944417
20260419_190709_run14,run14,30,periodic_nd,1390|2486|3552|4441|4817,1.0657129948170954,0.4607659385487852
20260419_190709_run14,run14,30,periodic_nd,1246|2486|3552|4075|4882,0.9650463163478546,0.4853648569795986
20260419_190709_run14,run14,30,periodic_nd,591|1246|2486|3552|4518,1.20576432689423,0.43176178226527534
20260419_190709_run14,run14,30,periodic_nd,1246|2486|2838|4075|4882,0.9504009446955056,0.49868369479223923
20260419_190709_run14,run14,30,final_nd,1246|2131|3552|4441|4817,1.117260878361662,0.43318104459400747
20260419_190709_run14,run14,30,final_nd,1246|2131|3552|4075|4882,0.9957638497984006,0.47408094898028974
20260419_190709_run14,run14,30,final_nd,1246|2131|2838|4075|4882,0.9247717774645494,0.4993098393130284
20260419_190709_run14,run14,30,final_nd,591|1246|2131|3552|4518,1.261826369260966,0.42594739476190885
20260419_190709_run14,run14,30,final_nd,1203|1246|2131|3552|4518,1.2763933658369897,0.42466697375148915
20260419_190709_run14,run14,30,final_nd,1246|2486|3552|4010|4882,1.021543096482546,0.4636537720957405
20260419_190709_run14,run14,30,final_nd,1203|1390|3280|3552|4518,1.1783685221274431,0.4329378059830819
20260419_190709_run14,run14,30,final_nd,1246|2486|3552|4441|4817,1.0687987135777355,0.4395987484935374
20260419_190709_run14,run14,30,final_nd,1246|2131|3552|3915|4518,1.1921748816839202,0.4322347082944417
20260419_190709_run14,run14,30,final_nd,1390|2486|3552|4441|4817,1.0657129948170954,0.4607659385487852
20260419_190709_run14,run14,30,final_nd,1246|2486|3552|4075|4882,0.9650463163478546,0.4853648569795986
20260419_190709_run14,run14,30,final_nd,591|1246|2486|3552|4518,1.20576432689423,0.43176178226527534
20260419_190709_run14,run14,30,final_nd,1246|2486|2838|4075|4882,0.9504009446955056,0.49868369479223923
20260419_190718_run15,run15,0,gen0_nd,1967|1984|2277|3780|4443,1.1854913050323148,0.7836606054984413
20260419_190718_run15,run15,0,gen0_nd,954|1469|2486|4583|4874,1.2510772933437664,0.582131051618552
20260419_190718_run15,run15,0,gen0_nd,1546|1603|3947|4059|4087,1.4815567837521257,0.5564680768911484
20260419_190718_run15,run15,0,gen0_nd,308|876|2191|4158|4286,1.284805444362474,0.5790518945701371
20260419_190718_run15,run15,5,periodic_nd,235|1551|2105|3423|4875,1.0685641298311115,0.46209048506549705
20260419_190718_run15,run15,5,periodic_nd,1525|1551|2989|4008|4875,1.0193744403347451,0.5438695799076035
20260419_190718_run15,run15,10,periodic_nd,235|1551|2105|3423|4875,1.0685641298311115,0.46209048506549705
20260419_190718_run15,run15,10,periodic_nd,1242|1551|2989|3423|4875,1.0529106937314072,0.4745029323641272
20260419_190718_run15,run15,10,periodic_nd,1525|1546|2989|4008|5022,0.968774965797414,0.5493104916233484
20260419_190718_run15,run15,10,periodic_nd,1242|1551|2105|3423|4875,1.02065953772187,0.49414236942325696
20260419_190718_run15,run15,10,periodic_nd,1551|1603|3423|4008|5022,0.9894355676300918,0.5171325124206746
20260419_190718_run15,run15,10,periodic_nd,235|1551|2105|3423|4449,1.1288950782720575,0.4584133323259164
20260419_190718_run15,run15,15,periodic_nd,1242|1551|2989|3423|4875,1.0529106937314072,0.4745029323641272
20260419_190718_run15,run15,15,periodic_nd,235|1551|2105|3423|4875,1.0685641298311115,0.46209048506549705
20260419_190718_run15,run15,15,periodic_nd,1242|1551|2105|3423|4875,1.02065953772187,0.49414236942325696
20260419_190718_run15,run15,15,periodic_nd,1551|1603|3421|4008|5022,0.9660445222978805,0.5046356955925041
20260419_190718_run15,run15,15,periodic_nd,235|1551|2105|3423|4449,1.1288950782720575,0.4584133323259164
20260419_190718_run15,run15,20,periodic_nd,235|1551|2105|3423|4449,1.1288950782720575,0.4584133323259164
20260419_190718_run15,run15,20,periodic_nd,235|1551|2105|3423|4875,1.0685641298311115,0.46209048506549705
20260419_190718_run15,run15,20,periodic_nd,1242|1551|2989|3423|4875,1.0529106937314072,0.4745029323641272
20260419_190718_run15,run15,20,periodic_nd,1546|1603|2989|4008|5022,0.9580779367155317,0.5444303830912649
20260419_190718_run15,run15,20,periodic_nd,1242|1551|2105|3423|4875,1.02065953772187,0.49414236942325696
20260419_190718_run15,run15,20,periodic_nd,1551|1603|3421|3719|5022,0.9774074804340043,0.4953642588464357
20260419_190718_run15,run15,20,periodic_nd,1551|1603|3421|4008|5022,0.9660445222978805,0.5046356955925041
20260419_190718_run15,run15,25,periodic_nd,1242|1551|2105|3423|4875,1.02065953772187,0.49414236942325696
20260419_190718_run15,run15,25,periodic_nd,1546|1603|2989|4008|5022,0.9580779367155317,0.5444303830912649
20260419_190718_run15,run15,25,periodic_nd,1551|1603|3421|3719|5022,0.9774074804340043,0.4953642588464357
20260419_190718_run15,run15,25,periodic_nd,1551|1603|3421|4008|5022,0.9660445222978805,0.5046356955925041
20260419_190718_run15,run15,25,periodic_nd,1242|1551|2989|3423|4875,1.0529106937314072,0.4745029323641272
20260419_190718_run15,run15,25,periodic_nd,235|1551|2105|3423|4875,1.0685641298311115,0.46209048506549705
20260419_190718_run15,run15,25,periodic_nd,1546|1603|3421|4008|5022,0.9643851442630574,0.5231832118875953
20260419_190718_run15,run15,25,periodic_nd,1551|1603|3421|4008|4449,1.046458225928604,0.4910458431409263
20260419_190718_run15,run15,25,periodic_nd,235|1551|2105|3423|4449,1.1288950782720575,0.4584133323259164
20260419_190718_run15,run15,25,periodic_nd,1546|1603|2989|4008|5024,0.9589955040482621,0.5423271719771738
20260419_190718_run15,run15,30,periodic_nd,235|1551|2105|3423|4449,1.1288950782720575,0.4584133323259164
20260419_190718_run15,run15,30,periodic_nd,1551|1603|3421|4008|4449,1.046458225928604,0.4910458431409263
20260419_190718_run15,run15,30,periodic_nd,1551|1603|3421|4008|5022,0.9660445222978805,0.5046356955925041
20260419_190718_run15,run15,30,periodic_nd,1551|1603|3421|3719|5022,0.9774074804340043,0.4953642588464357
20260419_190718_run15,run15,30,periodic_nd,235|1551|2105|3423|4875,1.0685641298311115,0.46209048506549705
20260419_190718_run15,run15,30,periodic_nd,1551|1603|3421|4008|5024,0.9669620896306109,0.5026093920092634
20260419_190718_run15,run15,30,periodic_nd,1546|1603|2989|4008|5024,0.9589955040482621,0.5423271719771738
20260419_190718_run15,run15,30,periodic_nd,1546|1603|2989|4008|5022,0.9580779367155317,0.5444303830912649
20260419_190718_run15,run15,30,periodic_nd,1242|1551|2989|3423|4875,1.0529106937314072,0.4745029323641272
20260419_190718_run15,run15,30,periodic_nd,1546|1603|3421|4008|5022,0.9643851442630574,0.5231832118875953
20260419_190718_run15,run15,30,periodic_nd,1242|1551|2105|3423|4875,1.02065953772187,0.49414236942325696
20260419_190718_run15,run15,30,final_nd,235|1551|2105|3423|4449,1.1288950782720575,0.4584133323259164
20260419_190718_run15,run15,30,final_nd,1551|1603|3421|4008|4449,1.046458225928604,0.4910458431409263
20260419_190718_run15,run15,30,final_nd,1551|1603|3421|4008|5022,0.9660445222978805,0.5046356955925041
20260419_190718_run15,run15,30,final_nd,1551|1603|3421|3719|5022,0.9774074804340043,0.4953642588464357
20260419_190718_run15,run15,30,final_nd,235|1551|2105|3423|4875,1.0685641298311115,0.46209048506549705
20260419_190718_run15,run15,30,final_nd,1551|1603|3421|4008|5024,0.9669620896306109,0.5026093920092634
20260419_190718_run15,run15,30,final_nd,1546|1603|2989|4008|5024,0.9589955040482621,0.5423271719771738
20260419_190718_run15,run15,30,final_nd,1546|1603|2989|4008|5022,0.9580779367155317,0.5444303830912649
20260419_190718_run15,run15,30,final_nd,1242|1551|2989|3423|4875,1.0529106937314072,0.4745029323641272
20260419_190718_run15,run15,30,final_nd,1546|1603|3421|4008|5022,0.9643851442630574,0.5231832118875953
20260419_190718_run15,run15,30,final_nd,1242|1551|2105|3423|4875,1.02065953772187,0.49414236942325696
