Run_ID,Seed,K,Population_Size,Archive_Size,Max_Generations,Crossover_Rate,Mutation_Rate,Total_Evaluations,Final_HV,Final_HV_Ratio,Final_ND_Count,Final_Best_F1,Final_Best_F2,Runtime_ms
1,42,3,50,25,202,0.70,0.05,15200,1.209878,0.999900,8,1.375683,0.456693,4853
2,123,3,50,25,202,0.70,0.05,15200,1.209908,0.999924,6,1.396910,0.456433,4680
3,7,3,50,25,202,0.70,0.05,15200,1.208725,0.998946,8,1.448013,0.466432,4709
4,42,3,50,25,202,0.70,0.10,15200,1.209574,0.999648,7,1.364850,0.454822,4801
5,123,3,50,25,202,0.70,0.10,15200,1.209685,0.999740,10,1.400085,0.447473,4822
6,7,3,50,25,202,0.70,0.10,15200,1.209405,0.999508,8,1.380640,0.457063,4739
7,42,3,50,25,202,0.70,0.20,15200,1.209438,0.999536,18,1.362302,0.459203,4918
8,123,3,50,25,202,0.70,0.20,15200,1.209908,0.999924,11,1.372411,0.450618,4963
9,7,3,50,25,202,0.70,0.20,15200,1.209851,0.999877,10,1.379325,0.451238,5141
10,42,3,50,25,202,0.70,0.30,15200,1.209799,0.999834,14,1.381585,0.444955,5085
11,123,3,50,25,202,0.70,0.30,15200,1.209804,0.999838,15,1.371076,0.447113,5149
12,7,3,50,25,202,0.70,0.30,15200,1.209836,0.999864,19,1.364626,0.444179,5080
13,42,3,50,25,202,0.70,0.40,15200,1.209763,0.999804,17,1.365905,0.446159,5264
14,123,3,50,25,202,0.70,0.40,15200,1.209917,0.999931,9,1.361605,0.453880,5549
15,7,3,50,25,202,0.70,0.40,15200,1.209258,0.999387,11,1.374725,0.449038,5391
16,42,3,50,25,202,0.90,0.05,15200,1.209693,0.999746,4,1.407120,0.464054,4912
17,123,3,50,25,202,0.90,0.05,15200,1.209800,0.999834,4,1.391099,0.455725,4733
18,7,3,50,25,202,0.90,0.05,15200,1.205966,0.996666,19,1.382458,0.476528,4621
19,42,3,50,25,202,0.90,0.10,15200,1.209832,0.999862,4,1.376132,0.453599,4866
20,123,3,50,25,202,0.90,0.10,15200,1.209545,0.999624,11,1.401836,0.447042,4714
21,7,3,50,25,202,0.90,0.10,15200,1.209503,0.999589,6,1.388756,0.468776,4824
22,42,3,50,25,202,0.90,0.20,15200,1.209231,0.999365,9,1.375971,0.447719,4942
23,123,3,50,25,202,0.90,0.20,15200,1.209575,0.999649,16,1.377119,0.442019,5075
24,7,3,50,25,202,0.90,0.20,15200,1.209283,0.999408,17,1.366275,0.451470,4920
25,42,3,50,25,202,0.90,0.30,15200,1.209760,0.999802,15,1.364724,0.451949,5518
26,123,3,50,25,202,0.90,0.30,15200,1.209759,0.999801,12,1.373421,0.452461,5411
27,7,3,50,25,202,0.90,0.30,15200,1.209805,0.999839,17,1.365287,0.449381,5320
28,42,3,50,25,202,0.90,0.40,15200,1.209732,0.999779,15,1.379949,0.441528,5487
29,123,3,50,25,202,0.90,0.40,15200,1.209665,0.999723,16,1.362302,0.450790,5496
30,7,3,50,25,202,0.90,0.40,15200,1.209854,0.999880,11,1.373558,0.444022,5558
31,42,3,100,50,100,0.70,0.05,15100,1.208926,0.999112,11,1.371997,0.446495,4979
32,123,3,100,50,100,0.70,0.05,15100,1.209852,0.999878,5,1.366437,0.459470,4784
33,7,3,100,50,100,0.70,0.05,15100,1.209693,0.999746,10,1.388876,0.451966,4760
34,42,3,100,50,100,0.70,0.10,15100,1.209378,0.999486,11,1.377869,0.452246,4808
35,123,3,100,50,100,0.70,0.10,15100,1.209830,0.999860,26,1.373915,0.444179,4712
36,7,3,100,50,100,0.70,0.10,15100,1.209735,0.999781,8,1.359262,0.450379,4708
37,42,3,100,50,100,0.70,0.20,15100,1.209530,0.999611,16,1.384631,0.441059,5880
38,123,3,100,50,100,0.70,0.20,15100,1.209591,0.999662,7,1.372027,0.446498,6512
39,7,3,100,50,100,0.70,0.20,15100,1.209671,0.999728,10,1.379965,0.449733,6485
40,42,3,100,50,100,0.70,0.30,15100,1.209790,0.999827,11,1.367319,0.446906,6787
41,123,3,100,50,100,0.70,0.30,15100,1.209939,0.999950,18,1.370041,0.453035,6660
42,7,3,100,50,100,0.70,0.30,15100,1.209814,0.999847,19,1.364485,0.460700,6466
43,42,3,100,50,100,0.70,0.40,15100,1.209775,0.999814,15,1.378852,0.441739,5337
44,123,3,100,50,100,0.70,0.40,15100,1.209902,0.999919,8,1.378474,0.441610,5332
45,7,3,100,50,100,0.70,0.40,15100,1.209554,0.999631,9,1.364334,0.440996,5366
46,42,3,100,50,100,0.90,0.05,15100,1.209838,0.999866,7,1.411790,0.473974,4820
47,123,3,100,50,100,0.90,0.05,15100,1.209801,0.999835,5,1.374044,0.452444,4762
48,7,3,100,50,100,0.90,0.05,15100,1.209647,0.999708,6,1.385036,0.445946,4773
49,42,3,100,50,100,0.90,0.10,15100,1.208860,0.999057,16,1.376028,0.455769,4833
50,123,3,100,50,100,0.90,0.10,15100,1.209774,0.999813,12,1.387882,0.457789,4894
51,7,3,100,50,100,0.90,0.10,15100,1.209784,0.999822,7,1.403508,0.453311,4890
52,42,3,100,50,100,0.90,0.20,15100,1.209755,0.999798,12,1.370129,0.447543,5089
53,123,3,100,50,100,0.90,0.20,15100,1.209798,0.999833,7,1.373417,0.447162,5064
54,7,3,100,50,100,0.90,0.20,15100,1.209879,0.999900,8,1.362710,0.458184,5026
55,42,3,100,50,100,0.90,0.30,15100,1.209007,0.999180,14,1.373566,0.445157,5228
56,123,3,100,50,100,0.90,0.30,15100,1.209744,0.999789,14,1.359651,0.442801,5247
57,7,3,100,50,100,0.90,0.30,15100,1.209674,0.999730,17,1.365793,0.445831,5247
58,42,3,100,50,100,0.90,0.40,15100,1.209868,0.999891,12,1.365300,0.443209,5468
59,123,3,100,50,100,0.90,0.40,15100,1.209838,0.999866,9,1.374416,0.443984,5397
60,7,3,100,50,100,0.90,0.40,15100,1.209881,0.999901,10,1.374911,0.443850,5443
61,42,3,200,100,50,0.70,0.05,15200,1.209820,0.999852,3,1.421042,0.456723,5060
62,123,3,200,100,50,0.70,0.05,15200,1.209692,0.999745,13,1.404696,0.461363,4974
63,7,3,200,100,50,0.70,0.05,15200,1.209424,0.999524,9,1.393427,0.451781,5089
64,42,3,200,100,50,0.70,0.10,15200,1.209939,0.999949,5,1.399751,0.481990,5300
65,123,3,200,100,50,0.70,0.10,15200,1.209687,0.999741,7,1.378453,0.452675,5168
66,7,3,200,100,50,0.70,0.10,15200,1.208940,0.999124,13,1.362801,0.450083,5150
67,42,3,200,100,50,0.70,0.20,15200,1.209502,0.999589,11,1.361245,0.450772,5389
68,123,3,200,100,50,0.70,0.20,15200,1.209655,0.999715,10,1.384205,0.446509,5346
69,7,3,200,100,50,0.70,0.20,15200,1.209731,0.999778,16,1.365702,0.454563,5389
70,42,3,200,100,50,0.70,0.30,15200,1.209788,0.999825,19,1.377950,0.445084,5496
71,123,3,200,100,50,0.70,0.30,15200,1.209706,0.999757,14,1.388294,0.443786,5476
72,7,3,200,100,50,0.70,0.30,15200,1.209833,0.999862,11,1.364173,0.447481,5538
73,42,3,200,100,50,0.70,0.40,15200,1.209677,0.999733,21,1.363250,0.443037,5797
74,123,3,200,100,50,0.70,0.40,15200,1.209828,0.999858,18,1.370924,0.447507,5681
75,7,3,200,100,50,0.70,0.40,15200,1.209494,0.999581,13,1.365464,0.443132,5681
76,42,3,200,100,50,0.90,0.05,15200,1.209329,0.999445,7,1.372232,0.451392,5131
77,123,3,200,100,50,0.90,0.05,15200,1.209697,0.999750,8,1.369578,0.445448,5190
78,7,3,200,100,50,0.90,0.05,15200,1.209701,0.999753,10,1.382113,0.449255,5062
79,42,3,200,100,50,0.90,0.10,15200,1.209698,0.999750,12,1.384662,0.447479,5124
80,123,3,200,100,50,0.90,0.10,15200,1.209646,0.999708,10,1.400000,0.444126,5230
81,7,3,200,100,50,0.90,0.10,15200,1.209456,0.999550,9,1.390909,0.448555,5097
82,42,3,200,100,50,0.90,0.20,15200,1.209297,0.999419,16,1.383227,0.440625,5396
83,123,3,200,100,50,0.90,0.20,15200,1.209263,0.999391,21,1.377150,0.451916,5377
84,7,3,200,100,50,0.90,0.20,15200,1.209545,0.999624,13,1.367928,0.445316,5345
85,42,3,200,100,50,0.90,0.30,15200,1.209833,0.999862,15,1.364881,0.445524,5493
86,123,3,200,100,50,0.90,0.30,15200,1.209814,0.999846,11,1.370548,0.442169,5501
87,7,3,200,100,50,0.90,0.30,15200,1.209723,0.999771,15,1.365085,0.443992,5487
88,42,3,200,100,50,0.90,0.40,15200,1.209879,0.999900,17,1.367267,0.445686,5625
89,123,3,200,100,50,0.90,0.40,15200,1.209908,0.999924,18,1.369956,0.448318,5562
90,7,3,200,100,50,0.90,0.40,15200,1.209907,0.999923,11,1.365157,0.448604,5815
91,42,5,50,25,202,0.70,0.05,15200,1.209520,0.999603,15,0.923358,0.419002,5689
92,123,5,50,25,202,0.70,0.05,15200,1.208560,0.998810,10,0.944735,0.385688,5736
93,7,5,50,25,202,0.70,0.05,15200,1.209516,0.999600,11,0.977159,0.417941,5658
94,42,5,50,25,202,0.70,0.10,15200,1.209731,0.999778,16,0.950042,0.403428,5845
95,123,5,50,25,202,0.70,0.10,15200,1.209645,0.999706,18,0.918503,0.422910,5783
96,7,5,50,25,202,0.70,0.10,15200,1.209181,0.999323,16,0.932767,0.413375,5808
97,42,5,50,25,202,0.70,0.20,15200,1.209543,0.999622,14,0.894147,0.398809,5981
98,123,5,50,25,202,0.70,0.20,15200,1.209298,0.999420,17,0.932348,0.390243,5942
99,7,5,50,25,202,0.70,0.20,15200,1.208300,0.998595,20,0.936530,0.395712,5888
100,42,5,50,25,202,0.70,0.30,15200,1.209913,0.999928,22,0.904460,0.404469,6091
101,123,5,50,25,202,0.70,0.30,15200,1.209411,0.999513,24,0.900407,0.377728,6249
102,7,5,50,25,202,0.70,0.30,15200,1.209620,0.999686,17,0.913406,0.398346,6090
103,42,5,50,25,202,0.70,0.40,15200,1.208766,0.998980,21,0.888284,0.345128,6199
104,123,5,50,25,202,0.70,0.40,15200,1.209733,0.999780,25,0.883171,0.410117,6202
105,7,5,50,25,202,0.70,0.40,15200,1.209277,0.999403,20,0.917982,0.372797,6304
106,42,5,50,25,202,0.90,0.05,15200,1.209027,0.999196,15,0.952748,0.413746,5748
107,123,5,50,25,202,0.90,0.05,15200,1.208956,0.999137,14,0.998210,0.382964,5766
108,7,5,50,25,202,0.90,0.05,15200,1.209204,0.999342,14,0.935743,0.407457,5819
109,42,5,50,25,202,0.90,0.10,15200,1.209035,0.999203,18,0.945277,0.361859,5917
110,123,5,50,25,202,0.90,0.10,15200,1.209180,0.999323,25,0.915701,0.406530,5947
111,7,5,50,25,202,0.90,0.10,15200,1.208689,0.998916,9,0.960401,0.401042,5861
112,42,5,50,25,202,0.90,0.20,15200,1.209151,0.999299,17,0.896580,0.375229,6063
113,123,5,50,25,202,0.90,0.20,15200,1.208526,0.998782,12,0.881340,0.360804,6118
114,7,5,50,25,202,0.90,0.20,15200,1.209901,0.999918,10,0.909320,0.393095,6034
115,42,5,50,25,202,0.90,0.30,15200,1.209148,0.999296,25,0.884906,0.384591,6241
116,123,5,50,25,202,0.90,0.30,15200,1.208770,0.998984,22,0.920937,0.383269,6174
117,7,5,50,25,202,0.90,0.30,15200,1.209513,0.999597,11,0.929373,0.398942,6181
118,42,5,50,25,202,0.90,0.40,15200,1.209390,0.999496,20,0.909217,0.372899,6365
119,123,5,50,25,202,0.90,0.40,15200,1.208810,0.999016,25,0.921998,0.375617,6338
120,7,5,50,25,202,0.90,0.40,15200,1.209117,0.999270,25,0.883783,0.356127,6354
121,42,5,100,50,100,0.70,0.05,15100,1.209077,0.999238,25,0.948833,0.451657,5823
122,123,5,100,50,100,0.70,0.05,15100,1.209803,0.999837,23,0.907251,0.449771,5842
123,7,5,100,50,100,0.70,0.05,15100,1.208840,0.999042,8,0.921413,0.388085,5815
124,42,5,100,50,100,0.70,0.10,15100,1.208154,0.998475,12,0.948192,0.398209,5925
125,123,5,100,50,100,0.70,0.10,15100,1.208321,0.998613,9,0.918310,0.340972,5932
126,7,5,100,50,100,0.70,0.10,15100,1.209209,0.999346,20,0.896795,0.393881,5965
127,42,5,100,50,100,0.70,0.20,15100,1.209585,0.999657,13,0.911842,0.389106,6172
128,123,5,100,50,100,0.70,0.20,15100,1.209069,0.999230,24,0.891351,0.337491,6432
129,7,5,100,50,100,0.70,0.20,15100,1.209659,0.999718,14,0.925399,0.427194,6356
130,42,5,100,50,100,0.70,0.30,15100,1.209593,0.999664,13,0.935742,0.381273,6740
131,123,5,100,50,100,0.70,0.30,15100,1.209176,0.999319,18,0.894766,0.380634,6627
132,7,5,100,50,100,0.70,0.30,15100,1.208705,0.998930,16,0.920868,0.354021,6474
133,42,5,100,50,100,0.70,0.40,15100,1.209166,0.999311,14,0.892540,0.376089,6612
134,123,5,100,50,100,0.70,0.40,15100,1.209649,0.999710,28,0.915348,0.359854,6613
135,7,5,100,50,100,0.70,0.40,15100,1.208736,0.998956,19,0.907251,0.375408,6662
136,42,5,100,50,100,0.90,0.05,15100,1.209483,0.999573,10,0.953526,0.402822,5988
137,123,5,100,50,100,0.90,0.05,15100,1.209437,0.999535,6,0.951943,0.399705,6004
138,7,5,100,50,100,0.90,0.05,15100,1.208305,0.998599,28,0.908801,0.395505,5968
139,42,5,100,50,100,0.90,0.10,15100,1.209933,0.999944,9,0.939454,0.408509,6098
140,123,5,100,50,100,0.90,0.10,15100,1.208301,0.998596,22,0.924892,0.340578,6094
141,7,5,100,50,100,0.90,0.10,15100,1.209344,0.999458,13,0.916842,0.377270,6187
142,42,5,100,50,100,0.90,0.20,15100,1.209322,0.999440,27,0.898283,0.376937,6348
143,123,5,100,50,100,0.90,0.20,15100,1.209364,0.999475,11,0.918999,0.387768,7229
144,7,5,100,50,100,0.90,0.20,15100,1.209126,0.999277,28,0.900940,0.362417,7350
145,42,5,100,50,100,0.90,0.30,15100,1.209253,0.999382,27,0.917829,0.380240,6709
146,123,5,100,50,100,0.90,0.30,15100,1.209446,0.999542,12,0.919378,0.370676,6675
147,7,5,100,50,100,0.90,0.30,15100,1.209466,0.999559,19,0.926410,0.405911,6444
148,42,5,100,50,100,0.90,0.40,15100,1.209435,0.999533,14,0.902184,0.360056,6542
149,123,5,100,50,100,0.90,0.40,15100,1.209148,0.999296,21,0.913018,0.382624,6539
150,7,5,100,50,100,0.90,0.40,15100,1.209267,0.999394,18,0.918989,0.372390,6607
151,42,5,200,100,50,0.70,0.05,15200,1.209159,0.999305,13,0.908934,0.376262,6413
152,123,5,200,100,50,0.70,0.05,15200,1.209022,0.999192,10,0.922796,0.396145,6290
153,7,5,200,100,50,0.70,0.05,15200,1.209166,0.999311,14,0.937067,0.399548,6309
154,42,5,200,100,50,0.70,0.10,15200,1.208998,0.999172,13,0.884533,0.376276,6485
155,123,5,200,100,50,0.70,0.10,15200,1.209205,0.999343,10,0.945050,0.398265,6392
156,7,5,200,100,50,0.70,0.10,15200,1.209746,0.999790,11,0.938214,0.416367,6325
157,42,5,200,100,50,0.70,0.20,15200,1.209627,0.999692,10,0.911394,0.387738,6603
158,123,5,200,100,50,0.70,0.20,15200,1.209553,0.999631,17,0.915466,0.394991,6808
159,7,5,200,100,50,0.70,0.20,15200,1.208605,0.998847,20,0.913439,0.355372,6698
160,42,5,200,100,50,0.70,0.30,15200,1.209005,0.999177,26,0.917677,0.366072,6929
161,123,5,200,100,50,0.70,0.30,15200,1.209163,0.999308,22,0.936803,0.386672,6773
162,7,5,200,100,50,0.70,0.30,15200,1.209046,0.999211,15,0.905918,0.401557,6981
163,42,5,200,100,50,0.70,0.40,15200,1.209685,0.999739,12,0.918166,0.370275,7117
164,123,5,200,100,50,0.70,0.40,15200,1.209620,0.999686,13,0.895373,0.380353,7065
165,7,5,200,100,50,0.70,0.40,15200,1.209567,0.999642,16,0.902881,0.366107,6997
166,42,5,200,100,50,0.90,0.05,15200,1.209613,0.999680,15,0.902529,0.408692,6427
167,123,5,200,100,50,0.90,0.05,15200,1.209636,0.999699,13,0.904552,0.406246,6356
168,7,5,200,100,50,0.90,0.05,15200,1.209413,0.999515,12,0.890276,0.388096,6292
169,42,5,200,100,50,0.90,0.10,15200,1.209630,0.999694,25,0.894240,0.404818,6560
170,123,5,200,100,50,0.90,0.10,15200,1.209343,0.999457,13,0.915805,0.355416,7021
171,7,5,200,100,50,0.90,0.10,15200,1.208905,0.999095,16,0.906910,0.397192,7445
172,42,5,200,100,50,0.90,0.20,15200,1.209525,0.999608,10,0.905263,0.412658,7618
173,123,5,200,100,50,0.90,0.20,15200,1.209932,0.999944,6,0.909166,0.387352,7082
174,7,5,200,100,50,0.90,0.20,15200,1.208049,0.998387,37,0.922156,0.366684,6616
175,42,5,200,100,50,0.90,0.30,15200,1.209659,0.999718,19,0.907499,0.394925,6726
176,123,5,200,100,50,0.90,0.30,15200,1.209516,0.999600,15,0.930001,0.391780,6733
177,7,5,200,100,50,0.90,0.30,15200,1.209357,0.999469,19,0.912357,0.381261,6713
178,42,5,200,100,50,0.90,0.40,15200,1.209753,0.999795,15,0.903779,0.395079,6928
179,123,5,200,100,50,0.90,0.40,15200,1.209554,0.999631,15,0.897884,0.375994,6864
180,7,5,200,100,50,0.90,0.40,15200,1.209046,0.999211,18,0.908364,0.348623,6828
181,42,7,50,25,202,0.70,0.05,15200,1.209769,0.999809,6,0.664059,0.356770,6892
182,123,7,50,25,202,0.70,0.05,15200,1.209948,0.999957,5,0.702370,0.339104,6931
183,7,7,50,25,202,0.70,0.05,15200,1.209798,0.999833,8,0.634513,0.382673,6978
184,42,7,50,25,202,0.70,0.10,15200,1.209722,0.999770,7,0.631719,0.353039,7112
185,123,7,50,25,202,0.70,0.10,15200,1.208954,0.999136,12,0.685076,0.376818,6889
186,7,7,50,25,202,0.70,0.10,15200,1.209041,0.999207,10,0.693758,0.310242,6766
187,42,7,50,25,202,0.70,0.20,15200,1.209179,0.999322,12,0.647775,0.294548,7153
188,123,7,50,25,202,0.70,0.20,15200,1.209604,0.999672,10,0.610820,0.326113,7096
189,7,7,50,25,202,0.70,0.20,15200,1.208661,0.998894,14,0.618535,0.247041,6986
190,42,7,50,25,202,0.70,0.30,15200,1.209537,0.999617,9,0.612237,0.289940,7190
191,123,7,50,25,202,0.70,0.30,15200,1.209395,0.999500,17,0.621270,0.234156,7273
192,7,7,50,25,202,0.70,0.30,15200,1.209574,0.999648,11,0.626603,0.323562,7168
193,42,7,50,25,202,0.70,0.40,15200,1.209215,0.999351,16,0.633436,0.208613,7454
194,123,7,50,25,202,0.70,0.40,15200,1.208867,0.999064,13,0.628108,0.198034,7650
195,7,7,50,25,202,0.70,0.40,15200,1.209198,0.999337,18,0.678207,0.260701,7744
196,42,7,50,25,202,0.90,0.05,15200,1.209959,0.999966,4,0.647057,0.374710,7282
197,123,7,50,25,202,0.90,0.05,15200,1.208655,0.998889,6,0.658067,0.341885,7239
198,7,7,50,25,202,0.90,0.05,15200,1.209382,0.999489,8,0.699286,0.252203,7283
199,42,7,50,25,202,0.90,0.10,15200,1.208753,0.998969,16,0.675571,0.305426,7187
200,123,7,50,25,202,0.90,0.10,15200,1.209030,0.999198,20,0.654926,0.327064,7520
201,7,7,50,25,202,0.90,0.10,15200,1.209500,0.999587,18,0.662377,0.258679,7100
202,42,7,50,25,202,0.90,0.20,15200,1.209196,0.999335,14,0.617338,0.280616,7122
203,123,7,50,25,202,0.90,0.20,15200,1.209337,0.999452,15,0.643613,0.217341,6899
204,7,7,50,25,202,0.90,0.20,15200,1.209122,0.999275,15,0.655583,0.196003,7028
205,42,7,50,25,202,0.90,0.30,15200,1.209928,0.999940,7,0.662417,0.240131,7179
206,123,7,50,25,202,0.90,0.30,15200,1.209360,0.999471,9,0.620698,0.231639,7166
207,7,7,50,25,202,0.90,0.30,15200,1.209534,0.999615,11,0.630888,0.186705,7726
208,42,7,50,25,202,0.90,0.40,15200,1.209659,0.999718,23,0.637182,0.301452,7589
209,123,7,50,25,202,0.90,0.40,15200,1.209421,0.999521,25,0.615666,0.274239,7588
210,7,7,50,25,202,0.90,0.40,15200,1.208744,0.998962,16,0.634059,0.208644,7756
211,42,7,100,50,100,0.70,0.05,15100,1.209295,0.999417,11,0.665162,0.309103,9450
212,123,7,100,50,100,0.70,0.05,15100,1.209700,0.999752,5,0.661796,0.309903,8406
213,7,7,100,50,100,0.70,0.05,15100,1.209779,0.999818,8,0.632593,0.353197,6726
214,42,7,100,50,100,0.70,0.10,15100,1.209575,0.999648,5,0.649676,0.283234,6857
215,123,7,100,50,100,0.70,0.10,15100,1.208598,0.998841,19,0.669888,0.263708,6941
216,7,7,100,50,100,0.70,0.10,15100,1.209350,0.999463,18,0.669992,0.334163,7099
217,42,7,100,50,100,0.70,0.20,15100,1.209337,0.999452,10,0.670798,0.327601,7470
218,123,7,100,50,100,0.70,0.20,15100,1.209305,0.999426,10,0.633163,0.179260,7435
219,7,7,100,50,100,0.70,0.20,15100,1.209709,0.999759,10,0.642019,0.191967,7399
220,42,7,100,50,100,0.70,0.30,15100,1.209376,0.999484,15,0.636485,0.222322,7503
221,123,7,100,50,100,0.70,0.30,15100,1.208765,0.998979,22,0.611314,0.340767,7274
222,7,7,100,50,100,0.70,0.30,15100,1.209880,0.999900,8,0.664779,0.263960,7273
223,42,7,100,50,100,0.70,0.40,15100,1.208447,0.998717,9,0.620846,0.233416,7793
224,123,7,100,50,100,0.70,0.40,15100,1.209378,0.999486,20,0.662367,0.202728,7852
225,7,7,100,50,100,0.70,0.40,15100,1.209712,0.999762,8,0.646042,0.223886,7865
226,42,7,100,50,100,0.90,0.05,15100,1.209430,0.999529,17,0.686015,0.367757,7260
227,123,7,100,50,100,0.90,0.05,15100,1.209283,0.999407,17,0.652258,0.265622,7241
228,7,7,100,50,100,0.90,0.05,15100,1.209638,0.999701,5,0.680951,0.368532,7017
229,42,7,100,50,100,0.90,0.10,15100,1.208112,0.998439,10,0.642530,0.292711,7242
230,123,7,100,50,100,0.90,0.10,15100,1.208090,0.998421,17,0.660712,0.291623,7493
231,7,7,100,50,100,0.90,0.10,15100,1.209612,0.999679,7,0.626176,0.299547,7330
232,42,7,100,50,100,0.90,0.20,15100,1.209707,0.999758,9,0.659915,0.265831,7653
233,123,7,100,50,100,0.90,0.20,15100,1.209084,0.999243,19,0.658808,0.327593,7582
234,7,7,100,50,100,0.90,0.20,15100,1.209623,0.999689,9,0.659207,0.235932,7498
235,42,7,100,50,100,0.90,0.30,15100,1.208848,0.999048,24,0.627522,0.238648,7988
236,123,7,100,50,100,0.90,0.30,15100,1.209783,0.999821,8,0.639658,0.233338,7774
237,7,7,100,50,100,0.90,0.30,15100,1.209558,0.999634,17,0.633704,0.258018,7963
238,42,7,100,50,100,0.90,0.40,15100,1.209709,0.999759,16,0.649934,0.177871,7765
239,123,7,100,50,100,0.90,0.40,15100,1.209496,0.999584,16,0.633955,0.231451,7393
240,7,7,100,50,100,0.90,0.40,15100,1.208709,0.998933,15,0.623311,0.293759,7326
241,42,7,200,100,50,0.70,0.05,15200,1.208842,0.999043,13,0.638465,0.330535,7486
242,123,7,200,100,50,0.70,0.05,15200,1.209154,0.999301,11,0.662508,0.276133,7346
243,7,7,200,100,50,0.70,0.05,15200,1.209621,0.999687,12,0.654400,0.306021,7776
244,42,7,200,100,50,0.70,0.10,15200,1.207739,0.998131,13,0.651667,0.326706,7906
245,123,7,200,100,50,0.70,0.10,15200,1.209366,0.999476,19,0.672826,0.287946,8388
246,7,7,200,100,50,0.70,0.10,15200,1.208883,0.999077,20,0.667362,0.333778,7837
247,42,7,200,100,50,0.70,0.20,15200,1.207793,0.998176,13,0.673679,0.319139,7941
248,123,7,200,100,50,0.70,0.20,15200,1.209261,0.999390,9,0.661581,0.234245,8031
249,7,7,200,100,50,0.70,0.20,15200,1.208930,0.999116,13,0.637157,0.240183,8195
250,42,7,200,100,50,0.70,0.30,15200,1.208724,0.998945,18,0.637815,0.214727,8282
251,123,7,200,100,50,0.70,0.30,15200,1.208058,0.998395,20,0.639619,0.155388,8178
252,7,7,200,100,50,0.70,0.30,15200,1.208371,0.998653,26,0.647251,0.210749,8259
253,42,7,200,100,50,0.70,0.40,15200,1.209368,0.999478,10,0.657829,0.257398,8437
254,123,7,200,100,50,0.70,0.40,15200,1.209214,0.999350,20,0.665125,0.200894,9032
255,7,7,200,100,50,0.70,0.40,15200,1.209136,0.999286,13,0.667516,0.226380,10150
256,42,7,200,100,50,0.90,0.05,15200,1.208981,0.999158,21,0.650837,0.262510,9373
257,123,7,200,100,50,0.90,0.05,15200,1.209065,0.999228,14,0.646059,0.237464,8770
258,7,7,200,100,50,0.90,0.05,15200,1.209691,0.999745,12,0.652232,0.288076,8620
259,42,7,200,100,50,0.90,0.10,15200,1.209420,0.999520,8,0.649083,0.247218,8297
260,123,7,200,100,50,0.90,0.10,15200,1.209122,0.999274,11,0.671664,0.332792,8005
261,7,7,200,100,50,0.90,0.10,15200,1.209669,0.999727,6,0.657006,0.211382,7827
262,42,7,200,100,50,0.90,0.20,15200,1.209569,0.999644,11,0.639355,0.295147,8034
263,123,7,200,100,50,0.90,0.20,15200,1.209794,0.999830,13,0.643771,0.270682,8001
264,7,7,200,100,50,0.90,0.20,15200,1.209298,0.999420,5,0.652627,0.220512,8056
265,42,7,200,100,50,0.90,0.30,15200,1.209348,0.999461,9,0.639932,0.276512,8303
266,123,7,200,100,50,0.90,0.30,15200,1.209332,0.999448,7,0.642645,0.258647,8424
267,7,7,200,100,50,0.90,0.30,15200,1.209673,0.999730,15,0.632490,0.220973,8629
268,42,7,200,100,50,0.90,0.40,15200,1.209101,0.999257,16,0.659268,0.217363,8673
269,123,7,200,100,50,0.90,0.40,15200,1.209564,0.999640,6,0.686164,0.266827,8583
270,7,7,200,100,50,0.90,0.40,15200,1.209214,0.999350,14,0.647454,0.218290,8440
