archive_index,chromosome,f1,f2,norm_f1,norm_f2,strength,raw_fitness,density,total_fitness
1,950|969|1741|2058|2404|3359|3776|3798|4868|5100,0.4684866588633927,0.19289468400125812,0.80982319397733,0.03519017499664852,163,0,0.4980317087662244,0.4980317087662244
2,969|1099|1741|2058|2621|3072|3850|4085|4795|5170,0.43518004197005317,0.30665390648928237,0.0997795924312221,0.5077136412200159,162,0,0.49618353873427,0.49618353873427
3,950|969|1815|2057|2621|3359|3798|3850|4795|5171,0.45788178397902346,0.2037471680775445,0.5837442865651159,0.08026830827415565,168,0,0.4986506192728873,0.4986506192728873
4,950|966|1815|2058|2621|3072|3850|4085|4795|5171,0.4395028606694154,0.25415562725075574,0.19193514722549565,0.28965071555996835,165,0,0.49605999312201754,0.49605999312201754
5,950|969|1815|2057|2621|3359|3798|3849|4868|5171,0.4602314225752007,0.19989346426116478,0.633834809313317,0.06426111830495851,165,0,0.49811643982135867,0.49811643982135867
6,896|1098|1741|2057|2548|3359|3850|4086|4795|5170,0.43322688878093696,0.3217596658601268,0.05814150204178154,0.5704586707810164,165,0,0.49618353873427,0.49618353873427
7,950|966|1815|2058|2621|3072|3850|4085|4795|5170,0.43866360433269946,0.25571438897905646,0.174043549473298,0.29612536859260946,168,0,0.49559990311241536,0.49559990311241536
8,969|1098|1741|2057|2548|3359|3850|4086|4795|5170,0.43550958658054634,0.2885083243327376,0.10680495447426624,0.4323420520888222,168,0,0.4948341542899918,0.4948341542899918
9,950|969|1815|2057|2621|3359|3730|3850|4868|5102,0.4774074434552171,0.18442270909844158,1.0,0.0,162,0,0.494975950328092,0.494975950328092
10,950|969|1741|2058|2404|3359|3776|3942|4795|5170,0.4550676391755869,0.2083331233293702,0.5237512371988821,0.09931706251266198,169,0,0.4983899084770399,0.4983899084770399
11,950|969|1815|2057|2621|3359|3798|3850|4795|5170,0.45682382137849864,0.20517781354252948,0.561190222380712,0.0862108027749651,167,0,0.49885303200835596,0.49885303200835596
12,820|1598|2057|2477|3359|3559|4284|4303|4942|5170,0.4304995960768097,0.42517101181712375,0.0,1.0,146,0,0.47414626199362764,0.47414626199362764
13,950|966|1815|2057|2621|3072|3850|4086|4795|5170,0.4371782363835643,0.25974537125618713,0.14237788941534105,0.3128689228840012,174,0,0.4965203280376539,0.4965203280376539
14,950|969|1816|2057|2621|3072|3850|4086|4795|5170,0.4416560485307162,0.22894391141026488,0.23783765568918536,0.1849284161469124,169,0,0.49652142962409945,0.49652142962409945
15,950|969|1815|2057|2621|3359|3798|3850|4868|5171,0.4595013596244176,0.2017897763072139,0.6182710392495653,0.07213785938530992,164,0,0.49814423474352343,0.49814423474352343
16,896|1099|1741|2057|2548|3359|3850|4086|4795|5170,0.4318154697770559,0.33479672403786126,0.028052314778612943,0.6246109037584114,164,0,0.4950191889702276,0.4950191889702276
17,950|969|1815|2057|2621|3072|3850|4086|4795|5170,0.44271390723743975,0.2251936439858645,0.2603895050245375,0.16935087154099002,167,0,0.4971630563933783,0.4971630563933783
18,950|969|1815|2057|2621|3072|3850|4085|4795|5170,0.44276902288630526,0.2183152186833865,0.2615644821753944,0.14077984850654915,173,0,0.49651994327487936,0.49651994327487936
19,969|1098|1741|2057|2621|3072|3850|4086|4795|5170,0.435457465245546,0.29635819542838915,0.10569381128792779,0.46494818474689636,167,0,0.4951568793975641,0.4951568793975641
20,950|969|1815|2057|2621|3359|3850|3872|4795|5170,0.4521886294312244,0.21092813027316565,0.4623753714266281,0.1100959835455041,167,0,0.49818420034365457,0.49818420034365457
21,950|969|1815|2057|2621|3359|3849|3872|4795|5171,0.45368922249549176,0.2090237176114265,0.4943656064967225,0.10218559481074117,167,0,0.4983633196489398,0.4983633196489398
22,969|1099|1741|2057|2621|3072|3850|4086|4795|5170,0.43381602108896056,0.31055832128071276,0.07070085705270426,0.5239314701614426,170,0,0.4966290122947471,0.4966290122947471
23,950|969|1741|2058|2404|3359|3728|3776|4795|5100,0.47121653287764526,0.18820723014772026,0.8680197254069344,0.01571982442468533,163,0,0.49717342622472555,0.49717342622472555
24,950|969|1815|2057|2621|3359|3798|3849|4795|5171,0.45817905695676925,0.2019346084432052,0.5900816692070368,0.07273945089958343,168,0,0.4984049191597713,0.4984049191597713
25,950|966|1815|2057|2621|3072|3850|4086|4795|5171,0.4381309055949535,0.2585073023284403,0.1626872675819404,0.3077263365655693,171,0,0.4962118849735687,0.4962118849735687
26,950|969|1815|2057|2621|3072|3850|3942|4868|5171,0.4487699108100107,0.21358658758206236,0.3894937788514083,0.12113845935478597,170,0,0.49721261332944006,0.49721261332944006
27,950|969|1815|2057|2621|3359|3730|3850|4795|5170,0.46493020854906053,0.19443125760764743,0.7340053828200168,0.04157266487939058,164,0,0.49790761748113527,0.49790761748113527
28,950|969|1815|2057|2621|3359|3798|3850|4868|5100,0.4597040558468594,0.19998711432890218,0.6225921973024308,0.06465011405977732,166,0,0.4982596517057896,0.4982596517057896
29,950|969|1815|2057|2621|3359|3730|3850|4795|5171,0.46617897327458535,0.19339645012594991,0.7606270419946746,0.03727436881660712,167,0,0.4982197410732345,0.4982197410732345
30,950|969|1815|2057|2621|3359|3849|3872|4868|5171,0.45586475016356703,0.20756703406156396,0.5407443637763992,0.09613494550849173,169,0,0.4985544350013063,0.4985544350013063
31,950|969|1815|2057|2621|3072|3850|4085|4795|5171,0.4436082792230212,0.21654869385151027,0.279456079927592,0.13344220661280573,171,0,0.4968063697257234,0.4968063697257234
32,950|969|1741|2058|2404|3359|3728|3776|4795|5170,0.46908336636213943,0.18939367571059204,0.8225440398932187,0.020647981962967805,164,0,0.49780392832301246,0.49780392832301246
33,950|969|1815|2057|2621|3359|3849|3942|4868|5171,0.45133035092996987,0.21244630896630803,0.44407825166475196,0.11640206618865527,168,0,0.4978045041932618,0.4978045041932618
34,950|969|1815|2057|2621|3359|3730|3850|4868|5100,0.46859097939162586,0.19176205946958405,0.8120471401625304,0.03048557471958009,164,0,0.49788357452128296,0.49788357452128296
35,950|969|1741|2058|2404|3359|3730|3776|4795|5100,0.4744277268104137,0.18777421311783477,0.9364772247857397,0.013921194797827784,160,0,0.49639783978859714,0.49639783978859714
36,950|969|1815|2057|2621|3359|3798|3849|4868|5100,0.4604341187976425,0.19807523500618548,0.6381559673661825,0.05670871093823277,166,0,0.497970530156676,0.497970530156676
37,950|969|1815|2057|2621|3359|3850|3872|4795|5171,0.45339194951774603,0.2098339123226025,0.48802822385480293,0.10555091328662154,167,0,0.49831218869393773,0.49831218869393773
38,950|966|1816|2057|2621|3359|3850|4086|4795|5170,0.4368988828680591,0.27463788045982684,0.13642252094039015,0.37472817188166424,162,0,0.4956231548682809,0.4956231548682809
39,820|1598|2057|2477|3359|3559|4284|4303|4942|5100,0.4312924220298613,0.4219080770850369,0.016901776512058257,0.9864466968396466,146,0,0.47489368494624506,0.47489368494624506
40,950|969|1741|2058|2404|3359|3776|3798|4795|5170,0.4638979681668404,0.19555148290855107,0.7119996750352834,0.04622576227718465,165,0,0.498045040072513,0.498045040072513
41,950|969|1815|2057|2621|3072|3849|4085|4795|5171,0.44520514400265565,0.21612629521508972,0.31349867341418874,0.13168768277338277,171,0,0.49736487629705095,0.49736487629705095
42,950|969|1741|2058|2404|3359|3776|3798|4795|5100,0.4657771691138068,0.1944119976356922,0.7520612223454122,0.04149266443187865,162,0,0.498172925676165,0.498172925676165
43,950|969|1741|2058|2404|3359|3730|3776|4795|5170,0.4720043553374024,0.18873754468866694,0.8848148354745906,0.017922600248888587,161,163,0.49712132768014317,163.49712132768013
44,896|1099|1741|2057|2621|3359|3850|4086|4795|5170,0.4320754155189523,0.3453226638556937,0.033593940677566894,0.6683326650292776,157,164,0.4925135936014851,164.49251359360147
45,896|1099|1741|2057|2621|3359|3850|4086|4795|5171,0.4330280847303415,0.34422896009959925,0.05390331884416624,0.6637897305880223,158,164,0.49281518601144825,164.49281518601146
46,950|969|1815|2057|2621|3359|3798|3849|4868|5102,0.46881925703965244,0.19196264981666936,0.816913653140307,0.03131876998957831,163,164,0.49782163079226316,164.49782163079226
47,950|969|1741|2057|2404|3359|3728|3776|4795|5170,0.4692550787369768,0.19008499520739472,0.8262046720567918,0.023519526596910645,163,164,0.4978330411656752,164.49783304116568
48,950|969|1741|2057|2404|3359|3776|3798|4795|5171,0.4651276431422028,0.19510409316727959,0.7382143713832638,0.044367432493675175,162,164,0.4979186446178919,164.4979186446179
49,950|969|1815|2058|2621|3359|3730|3850|4795|5170,0.465448195640223,0.19489597632950592,0.7450480360243698,0.043502974321287344,162,164,0.4979944432844866,164.49799444328448
50,950|969|1741|2057|2404|3359|3776|3798|4795|5170,0.46406968054167785,0.19656542844505687,0.7156603071988576,0.05043740375110444,164,165,0.49814039574899865,165.498140395749
51,950|969|1816|2057|2621|3359|3730|3850|4795|5170,0.4638723498423372,0.19950514067159766,0.7114535334846694,0.06264813252195643,164,166,0.4981843885892232,166.4981843885892
52,950|969|1815|2058|2621|3359|3798|3850|4868|5100,0.46022204293802194,0.20067178689837287,0.6336348505067848,0.06749404924743568,164,166,0.4982282454184586,166.49822824541846
53,950|969|1815|2057|2621|3359|3730|3849|4795|5171,0.46647624625233114,0.1937778077682622,0.7669644246365953,0.038858420035268904,166,167,0.49823083630796605,167.49823083630795
54,950|969|1815|2058|2621|3359|3850|3872|4795|5170,0.45270661652238686,0.21111407506683583,0.4734180246309809,0.11086834535063572,166,167,0.4982938192363762,167.49829381923638
55,950|969|1815|2057|2621|3359|3798|3849|4795|5100,0.45900029530321074,0.2022235951045419,0.6075891523327605,0.07393981932616539,165,168,0.4983173891701113,168.4983173891701
56,950|969|1815|2057|2621|3359|3850|3872|4868|5100,0.4562258392150959,0.20772280944968563,0.5484422026607111,0.09678199218073222,168,169,0.49864148314642376,169.49864148314643
57,969|1099|1741|2057|2621|3359|3850|4086|4795|5170,0.4341381697533656,0.316639656909445,0.07756854939864093,0.5491916093194676,163,170,0.49613193164754094,170.49613193164754
58,969|1099|1741|2058|2621|3359|3849|4086|4795|5170,0.4349534298222741,0.3143609209472075,0.09494858524491928,0.539726388021936,163,170,0.49636712248652626,170.49636712248653
59,969|1099|1741|2058|2621|3072|3850|4086|4795|5170,0.4351249263211876,0.3119263116723567,0.09860461528036402,0.5296137133016671,162,170,0.4964463939606989,170.4964463939607
60,969|1099|1741|2057|2621|3359|3849|4086|4795|5170,0.43443544273111134,0.31505860668635277,0.08390593204056053,0.5426243762165215,164,170,0.4965377264498917,170.4965377264499
61,950|969|1815|2057|2621|3359|3850|3942|4868|5171,0.4506002879791868,0.21488724948996266,0.42851448160100014,0.126541039116356,166,170,0.49757218661632496,170.49757218661634
62,950|969|1815|2058|2621|3359|3850|3942|4868|5171,0.45111827507034935,0.21471646960786334,0.43955713480535535,0.1258316680422061,166,170,0.49773629523105906,170.49773629523105
63,950|969|1815|2057|2621|3072|3850|3942|4795|5171,0.44717540724689087,0.2163669876452981,0.3555015227101931,0.13268745069486065,166,171,0.49741540453218813,171.49741540453218
64,950|969|1816|2057|2621|3072|3849|4085|4795|5170,0.44330802895921634,0.22176231001457594,0.27305522632664253,0.15509808582021956,168,173,0.4966043181178758,173.49660431811787
65,950|969|1888|2057|2621|3072|3850|4085|4795|5170,0.4427769337322735,0.22359776185212468,0.2617331287113231,0.16272203089821868,168,173,0.4967694759148217,173.49676947591482
66,950|966|1815|2057|2621|3359|3850|4086|4795|5170,0.4375003850479689,0.2693339538301228,0.14924558176126826,0.3526971686728826,163,174,0.496162024689944,174.49616202468994
67,896|1099|1741|2058|2621|3359|3850|4086|4795|5170,0.43289679238086054,0.34593902555460065,0.05110437673066849,0.6708928562827428,156,321,0.4923988611201564,321.49239886112014
68,896|1099|1741|2058|2621|3359|3849|4086|4795|5170,0.43319406535860644,0.3444962868125915,0.05744175937259165,0.6649001297475321,157,322,0.49275547318965995,322.4927554731897
69,950|969|1814|2057|2621|3359|3730|3850|4868|5102,0.47950665834959416,0.18452833925624748,1.0,4.3875764278734306E-4,160,324,0.49422569293752955,324.4942256929375
70,950|969|1815|2058|2621|3359|3730|3850|4868|5102,0.47792543054637954,0.18492139164944257,1.0,0.00207138553156785,160,324,0.49484078642310947,324.4948407864231
71,950|969|1815|2057|2621|3359|3730|3850|4868|5171,0.4680181470405159,0.19382939042573982,0.7998352740649693,0.03907267972846349,163,333,0.4980978019009346,333.49809780190094
72,950|969|1815|2058|2621|3359|3730|3850|4795|5171,0.4666969603657478,0.1938641502259259,0.7716696951990274,0.03921706205553932,164,333,0.4981931159898345,333.4981931159898
73,950|969|1815|2058|2621|3359|3798|3850|4795|5170,0.4573418084696611,0.20584707807425573,0.572232875585065,0.08899073735464226,166,334,0.49887658305246046,334.49887658305244
74,969|1098|1741|2058|2621|3072|3850|4085|4795|5170,0.43682148612663846,0.2923612209035383,0.13477254666644206,0.4483458889893998,162,336,0.49432822945517263,336.49432822945516
75,950|969|1815|2058|2621|3359|3850|3872|4868|5100,0.45674382630625837,0.2079172752222274,0.5594848558650639,0.09758974770941395,166,337,0.49856269071209725,337.4985626907121
76,950|969|1816|2057|2621|3359|3850|4086|4795|5170,0.44197819719512116,0.23873309989939367,0.24470534803511965,0.2255899218712855,162,338,0.4949546470458322,338.49495464704586
77,950|969|1816|2057|2621|3359|3849|4086|4795|5170,0.4422754701728669,0.23662382029726345,0.25104273067703925,0.21682857411385206,162,338,0.49516959878338096,338.4951695987834
78,950|969|1815|2057|2621|3359|3850|3942|4868|5100,0.4514762366512884,0.21402579805386782,0.4471883010375499,0.12296281477846127,166,338,0.4977322810930277,338.497732281093
79,950|969|1816|2057|2621|3359|3849|3872|4795|5170,0.4514280437022469,0.2144900250979757,0.44616090473320147,0.12489108193077574,166,338,0.497801080840278,338.4978010808403
80,950|969|1816|2058|2621|3072|3850|4085|4795|5170,0.44302006941180866,0.22432115444859174,0.26691639106769965,0.1657267980691522,167,341,0.4969390566387188,341.4969390566387
81,950|969|1815|2058|2621|3072|3849|4085|4795|5171,0.44651404923488247,0.21830297397263385,0.3414024316418438,0.14072898745949558,166,342,0.49757297131673167,342.49757297131674
82,950|966|1815|2058|2621|3359|3850|4086|4795|5170,0.43813971920717437,0.2684865067262553,0.16287515964506968,0.34917711434935206,162,345,0.49641309907666187,345.4964130990767
83,950|966|1815|2057|2621|3359|3850|4086|4795|5171,0.43845305425935804,0.26811202027228276,0.16955495992786643,0.3476216040934392,163,345,0.49652144137825155,345.49652144137826
84,950|969|1815|2058|2621|3359|3730|3849|4795|5171,0.4669942333434936,0.19424716214762014,0.7780070778409481,0.040807984680409456,163,497,0.4981843885892232,497.4981843885892
85,969|1099|1741|2058|2621|3359|3850|4086|4795|5170,0.4346561568445282,0.3159451754033347,0.08861120260299613,0.5463069305978827,162,498,0.4963486809489109,498.4963486809489
86,950|966|1816|2058|2621|3359|3850|4086|4795|5170,0.4375382170272645,0.27379842116419095,0.15005209882418918,0.37124129664243644,162,500,0.49551231659439576,500.4955123165944
87,969|1098|1741|2058|2621|3072|3850|4086|4795|5170,0.43676637047777295,0.2978109969358643,0.13359756951558519,0.47098270914881,162,503,0.4954437375270324,503.495443737527
88,969|1098|1741|2057|2621|3359|3850|4086|4795|5171,0.4367322831213399,0.3015734216905513,0.1328708818004555,0.486610751848174,162,503,0.4963486809489109,503.4963486809489
89,969|1098|1741|2057|2621|3359|3850|4086|4795|5170,0.4357796139099507,0.3027458803236391,0.11256150363385617,0.4914808116568939,162,503,0.4964763388847916,503.4964763388848
90,969|1098|1741|2058|2621|3359|3850|4086|4795|5170,0.43629760100111326,0.3020437112361905,0.12360415683821137,0.4885642009081607,162,503,0.4964979897579086,503.4964979897579
91,950|969|1815|2057|2621|3359|3798|3850|4795|5100,0.458703022325465,0.20403231377898964,0.6012517696908408,0.08145272244540876,165,504,0.49864148314642376,504.4986414831464
92,950|969|1815|2058|2621|3359|3798|3850|4795|5171,0.45839977107018604,0.20442057054206741,0.5947869397694712,0.08306543065017419,165,504,0.498652945089042,504.498652945089
93,950|969|1815|2057|2621|3072|3850|4086|4868|5170,0.4449246144492187,0.2229335989482876,0.30751823369855025,0.15996328703029963,166,512,0.49696532865628423,512.4969653286563
94,950|969|1815|2057|2621|3072|3850|4086|4868|5171,0.44526436626145605,0.21988244955440014,0.31476119689608395,0.14728967995007541,167,515,0.4971770628835333,515.4971770628836
95,966|1099|1741|2057|2621|3072|3850|4086|4795|5170,0.4332849647506343,0.33412692672680194,0.05937958848025884,0.6218287561648643,160,660,0.4952717988706503,660.4952717988707
96,896|1098|1741|2057|2621|3359|3850|4086|4795|5170,0.4335607936980512,0.3339958336753169,0.06525981882192688,0.6212842329013369,160,660,0.49531321867351735,660.4953132186736
97,969|1099|1741|2057|2621|3359|3850|4086|4795|5171,0.43509083896475476,0.3154989099642402,0.0978779275652391,0.5444532708459549,162,661,0.4964921943073624,661.4964921943074
98,950|969|1815|2057|2621|3359|3850|3872|4868|5171,0.45513468721278394,0.20835063790867098,0.5251805937126474,0.09938981309533686,168,676,0.498405796259089,676.4984057962591
99,950|966|1815|2058|2621|3359|3850|4086|4795|5171,0.4390923884185636,0.26726206367031513,0.18318453781166902,0.3440911260283007,162,681,0.4967518103114071,681.4967518103114
100,950|969|1815|2058|2621|3359|3798|3849|4868|5171,0.4607494096663632,0.20058116914596388,0.64487746251767,0.06711764886834404,164,827,0.4981012332567705,827.4981012332568
